visitor_id,first_name,last_name,age,email,country,postal_code,job_title,company_name,favorite_color
1,Corissa,Spirit,29,cspirit0@time.com,Colombia,177007,Assistant Manager,Voonyx,green
2,Charmaine,Luesley,79,cluesley1@imageshack.us,Russia,456918,VP Marketing,Thoughtbeat,red
3,Agnesse,Derill,31,aderill2@psu.edu,Tanzania,,Research Associate,Bluejam,green
4,Carry,Kitchiner,75,ckitchiner3@irs.gov,Egypt,,Executive Secretary,Wikizz,green
5,Cesare,Stonhouse,35,cstonhouse4@imdb.com,Sudan,,VP Quality Control,Divape,blue
6,Joyan,Oscroft,24,joscroft5@fema.gov,Russia,665061,Computer Systems Analyst I,Eadel,blue
7,Colly,Ordidge,80,cordidge6@ebay.com,Croatia,49246,Associate Professor,Snaptags,red
8,Garnet,McAtamney,40,gmcatamney7@yahoo.co.jp,France,38030 CEDEX 2,Accounting Assistant IV,Leexo,red
9,Vinson,Chazelle,74,vchazelle8@constantcontact.com,Albania,,Account Representative IV,Teklist,green
10,Izak,Lampett,28,ilampett9@netvibes.com,Argentina,3606,Developer III,Oyoyo,red
11,Piggy,Forte,46,pfortea@eepurl.com,Swaziland,,Compensation Analyst,Twitterbeat,red
12,Lev,Giacovetti,66,lgiacovettib@chron.com,Serbia,,Recruiter,Avamba,green
13,Latrina,Josefs,80,ljosefsc@topsy.com,Philippines,6335,Analog Circuit Design manager,Gigazoom,red
14,Kristopher,Bilam,47,kbilamd@jalbum.net,Ukraine,,Geologist IV,Minyx,red
15,Chilton,Rodenhurst,39,crodenhurste@sfgate.com,China,,Pharmacist,Npath,blue
16,Angelico,Yitzowitz,32,ayitzowitzf@wordpress.com,China,,Project Manager,Plajo,red
17,Eryn,Buncombe,45,ebuncombeg@odnoklassniki.ru,Greece,,Occupational Therapist,Edgepulse,green
18,Rafael,Mapston,36,rmapstonh@acquirethisname.com,Argentina,4162,Social Worker,Aivee,blue
19,Stephanie,Swatridge,81,sswatridgei@icio.us,Mexico,36951,Information Systems Manager,Topicware,green
20,Earl,Yvon,29,eyvonj@google.fr,France,92036 CEDEX,Staff Scientist,Zoonoodle,blue
21,Muire,Stuart,72,mstuartk@examiner.com,China,,Structural Analysis Engineer,Skyndu,blue
22,Thomasa,Bolland,49,tbollandl@nba.com,France,21704 CEDEX,Office Assistant II,Jazzy,blue
23,Allister,Drees,43,adreesm@delicious.com,China,,Marketing Manager,Kamba,blue
24,Joycelin,Brisard,30,jbrisardn@g.co,China,,Senior Quality Engineer,Vidoo,red
25,Erena,Stonner,84,estonnero@shinystat.com,China,,Nurse Practicioner,Eimbee,blue
26,Ema,Bullimore,23,ebullimorep@joomla.org,China,,Design Engineer,Kazu,green
27,Sibylle,Barkas,19,sbarkasq@blogtalkradio.com,Portugal,6200-595,Office Assistant II,Fivespan,green
28,Mandel,Fairley,45,mfairleyr@hatena.ne.jp,China,,VP Marketing,Topiczoom,red
29,Britta,Hucklesby,18,bhucklesbys@salon.com,Portugal,4640-540,Financial Advisor,Realpoint,red
30,Hugo,Cristofalo,36,hcristofalot@eepurl.com,France,92924 CEDEX,Research Associate,Avaveo,red
31,Ashlee,Langeley,60,alangeleyu@squidoo.com,Brazil,37890-000,Nuclear Power Engineer,Skippad,blue
32,Morie,Tomlin,64,mtomlinv@google.com,Argentina,3620,Recruiter,Katz,green
33,Maximilian,Larenson,70,mlarensonw@macromedia.com,Indonesia,,Human Resources Manager,Wordpedia,red
34,Chantalle,Agerskow,48,cagerskowx@gnu.org,Burkina Faso,,Teacher,Mudo,blue
35,Garwood,Arghent,46,garghenty@baidu.com,Germany,63456,Marketing Assistant,Oyondu,blue
36,Phip,Errichi,64,perrichiz@mashable.com,China,,Registered Nurse,Oyope,red
37,Fee,Kittoe,45,fkittoe10@miitbeian.gov.cn,Canada,N2Z,Safety Technician I,Oyonder,green
38,Jasmin,Lebrun,31,jlebrun11@ucsd.edu,Mexico,36750,Occupational Therapist,Jabberstorm,blue
39,Myrvyn,Hebborne,70,mhebborne12@printfriendly.com,China,,Senior Sales Associate,Avamba,blue
40,Elberta,Perell,56,eperell13@alexa.com,Jordan,,Librarian,Kwimbee,green
41,Evvy,Murt,39,emurt14@bloglovin.com,Indonesia,,Information Systems Manager,Photobug,green
42,Abner,Bernardeschi,54,abernardeschi15@merriam-webster.com,Ecuador,,Engineer I,Gabtune,blue
43,Jimmy,Delahunty,85,jdelahunty16@discuz.net,Philippines,2005,Software Engineer II,Eimbee,blue
44,Nehemiah,Morales,46,nmorales17@tripod.com,Bulgaria,8600,Budget/Accounting Analyst IV,Eabox,red
45,Caitrin,Ewin,62,cewin18@ftc.gov,Poland,05-430,Actuary,Skyvu,green
46,Jessee,Cassimer,77,jcassimer19@webnode.com,Philippines,1218,Database Administrator II,Realcube,red
47,Gian,Seleway,65,gseleway1a@vkontakte.ru,Japan,215-0003,Junior Executive,Yamia,blue
48,Nat,Izhak,82,nizhak1b@bravesites.com,Poland,36-071,Senior Sales Associate,Gigaclub,green
49,Marian,Olechnowicz,42,molechnowicz1c@theglobeandmail.com,Russia,171205,Assistant Manager,Twitterlist,blue
50,Magda,Attwell,75,mattwell1d@cornell.edu,China,,Nurse Practicioner,Yata,blue
51,Salli,Wealthall,83,swealthall1e@unblog.fr,Indonesia,,Help Desk Technician,Leexo,blue
52,Allis,Chatel,50,achatel1f@360.cn,Poland,37-750,Speech Pathologist,Brainlounge,blue
53,Hannis,Dawton,66,hdawton1g@vimeo.com,Mexico,89888,Sales Representative,Photobean,green
54,Laurie,Astlett,34,lastlett1h@blogtalkradio.com,Philippines,6113,Software Test Engineer I,Zazio,red
55,Raf,Spofford,24,rspofford1i@cmu.edu,Palestinian Territory,,Human Resources Manager,Yozio,red
56,Wade,Gingell,56,wgingell1j@skyrock.com,Czech Republic,351 01,Junior Executive,Browsedrive,blue
57,Rogerio,Sturdgess,61,rsturdgess1k@slate.com,Colombia,950009,Senior Cost Accountant,Agivu,red
58,Goldina,Staddart,36,gstaddart1l@typepad.com,Portugal,2785-549,Civil Engineer,Miboo,red
59,Erinn,Rettie,49,erettie1m@scientificamerican.com,China,,Community Outreach Specialist,Yadel,red
60,Hanni,Isson,32,hisson1n@usgs.gov,France,75623 CEDEX 13,Compensation Analyst,Zoonoodle,green
61,Prescott,Brearton,20,pbrearton1o@netlog.com,Philippines,6415,Analog Circuit Design manager,Voolith,green
62,Cherilynn,Crossfield,19,ccrossfield1p@mail.ru,China,,Information Systems Manager,Topicblab,red
63,Kerry,Conkie,39,kconkie1q@fc2.com,Indonesia,,Professor,Quatz,green
64,Tommy,Surby,35,tsurby1r@pinterest.com,Indonesia,,Graphic Designer,Ainyx,red
65,Jermayne,Mertin,25,jmertin1s@japanpost.jp,Moldova,MD-4901,Actuary,Jabbercube,red
66,Winifred,Bogart,22,wbogart1t@toplist.cz,Indonesia,,Design Engineer,Dynazzy,green
67,Esdras,Thaxter,64,ethaxter1u@fc2.com,Germany,20459,Database Administrator III,Skyble,blue
68,Alonso,Kunkel,44,akunkel1v@whitehouse.gov,Ukraine,,VP Product Management,Yakidoo,green
69,Cosimo,Rowlstone,78,crowlstone1w@blogs.com,Iran,,Teacher,Realcube,red
70,Fredrick,Russe,78,frusse1x@ebay.co.uk,China,,Tax Accountant,Gabtune,red
71,Shermie,Brahmer,38,sbrahmer1y@ebay.co.uk,Haiti,,Sales Associate,Skivee,red
72,Erik,Dwight,40,edwight1z@google.es,Russia,141508,Nuclear Power Engineer,Twitterbridge,green
73,Benjie,Boundy,75,bboundy20@imdb.com,China,,Speech Pathologist,Innojam,red
74,Norris,Downing,28,ndowning21@mozilla.com,Kazakhstan,,Senior Sales Associate,Meevee,red
75,Drew,Ackerman,65,dackerman22@amazon.de,Greece,,Assistant Manager,Twitterwire,red
76,Brantley,Schrieves,70,bschrieves23@is.gd,Brazil,09400-000,Nurse,Oyondu,green
77,Nathaniel,Driver,81,ndriver24@creativecommons.org,Belarus,,Nurse,Digitube,green
78,Hermy,Vesco,64,hvesco25@chicagotribune.com,China,,Project Manager,Yozio,green
79,Norean,Lloyd,59,nlloyd26@canalblog.com,Indonesia,,Electrical Engineer,Vitz,blue
80,Bonita,Salmen,74,bsalmen27@eventbrite.com,Kenya,,Automation Specialist II,Camimbo,blue
81,Erie,Letterick,20,eletterick28@pagesperso-orange.fr,Chile,,Help Desk Operator,Yotz,red
82,Gaven,Exell,32,gexell29@topsy.com,Uzbekistan,,Sales Representative,Gabspot,blue
83,Cloe,Rushton,75,crushton2a@usa.gov,Democratic Republic of the Congo,,Office Assistant III,Jabbertype,blue
84,Piper,Fencott,38,pfencott2b@stumbleupon.com,Indonesia,,Analog Circuit Design manager,Ozu,green
85,Warner,Robinette,24,wrobinette2c@google.it,Brazil,56250-000,Help Desk Technician,Devify,green
86,Uri,Allardyce,53,uallardyce2d@epa.gov,Indonesia,,VP Sales,Youbridge,green
87,Arte,Stiven,45,astiven2e@prlog.org,Indonesia,,Nurse Practicioner,Browsetype,green
88,Steffi,Whittlesea,84,swhittlesea2f@scribd.com,Indonesia,,Electrical Engineer,Innotype,green
89,Irwin,Berthomieu,71,iberthomieu2g@51.la,Czech Republic,468 46,Registered Nurse,Photofeed,red
90,Caroline,Hanny,60,channy2h@oracle.com,Indonesia,,Cost Accountant,Fiveclub,blue
91,Salvidor,Eichmann,44,seichmann2i@typepad.com,Czech Republic,252 82,Graphic Designer,Mita,red
92,Doretta,Tingcomb,34,dtingcomb2j@cpanel.net,Greece,,Structural Analysis Engineer,Blogtags,green
93,Chucho,Lanahan,20,clanahan2k@nymag.com,Honduras,,Nuclear Power Engineer,Twitterwire,red
94,Roseline,Martill,53,rmartill2l@networksolutions.com,Vietnam,,Senior Cost Accountant,Meedoo,red
95,Norine,Novak,72,nnovak2m@altervista.org,Brazil,18160-000,Director of Sales,Trilia,green
96,Jess,Gonzalez,28,jgonzalez2n@zdnet.com,Colombia,683558,Cost Accountant,Skajo,green
97,Helsa,Berry,27,hberry2o@cdc.gov,Uganda,,Structural Engineer,Leexo,red
98,Courtnay,Lehrahan,30,clehrahan2p@ifeng.com,Poland,69-200,Accountant III,Buzzbean,blue
99,Elenore,Purchall,31,epurchall2q@t-online.de,Sweden,974 23,Financial Analyst,Feedfire,blue
100,Ewan,Ormiston,55,eormiston2r@ask.com,Brazil,13170-000,Systems Administrator III,LiveZ,blue
101,Dyan,Meconi,81,dmeconi2s@intel.com,Philippines,1101,Account Executive,Tanoodle,green
102,Matthiew,Kisbey,61,mkisbey2t@bloglines.com,Portugal,4990-650,Administrative Assistant II,Centimia,green
103,Wren,Downes,63,wdownes2u@exblog.jp,China,,Electrical Engineer,Bubblemix,green
104,Aldus,Brooker,33,abrooker2v@altervista.org,Nepal,,Budget/Accounting Analyst II,Topdrive,green
105,Farr,Notti,35,fnotti2w@nature.com,United States,60674,GIS Technical Architect,Twimbo,blue
106,Alvira,Mennear,64,amennear2x@cpanel.net,Poland,26-640,Design Engineer,Thoughtworks,blue
107,Tiena,Avieson,52,tavieson2y@freewebs.com,China,,Assistant Manager,Wordpedia,red
108,Puff,Zeal,57,pzeal2z@china.com.cn,Czech Republic,691 05,Financial Advisor,Voonte,blue
109,Garrott,Laroux,81,glaroux30@alexa.com,Brazil,17800-000,Assistant Professor,Yata,green
110,Gilly,Broadist,43,gbroadist31@springer.com,Sweden,507 10,Health Coach IV,Teklist,green
111,Lura,Mathe,55,lmathe32@ucoz.com,Sweden,533 30,Food Chemist,Eayo,blue
112,Ber,Titterell,45,btitterell33@nbcnews.com,Indonesia,,Payment Adjustment Coordinator,Aivee,green
113,Renelle,Butler-Bowdon,27,rbutlerbowdon34@google.it,Czech Republic,348 15,Recruiting Manager,Thoughtblab,green
114,Scottie,Kilgrove,54,skilgrove35@posterous.com,Indonesia,,Registered Nurse,Zoovu,blue
115,Lurette,Stranio,26,lstranio36@indiegogo.com,Russia,366904,Chemical Engineer,Fadeo,green
116,Aymer,Steddall,60,asteddall37@sakura.ne.jp,France,75853 CEDEX 17,Senior Financial Analyst,Thoughtsphere,red
117,Poppy,Hartill,85,phartill38@dot.gov,Philippines,6547,Office Assistant III,Skyndu,green
118,Leela,Bloy,37,lbloy39@answers.com,Czech Republic,289 07,Web Developer III,Divanoodle,blue
119,Ericka,Maiden,60,emaiden3a@google.it,Greece,,Compensation Analyst,Riffwire,blue
120,Leicester,Farquharson,57,lfarquharson3b@foxnews.com,Poland,28-160,Operator,Rhycero,red
121,Timothee,Gomes,52,tgomes3c@eventbrite.com,China,,Accounting Assistant I,Trunyx,blue
122,Tadeo,Bengal,57,tbengal3d@cam.ac.uk,China,,Payment Adjustment Coordinator,Yambee,red
123,Michele,Poolton,62,mpoolton3e@etsy.com,China,,Design Engineer,Teklist,red
124,Arlie,Kirman,72,akirman3f@bing.com,China,,Compensation Analyst,Yodoo,red
125,Morly,Pavie,78,mpavie3g@shop-pro.jp,Indonesia,,Electrical Engineer,Skaboo,green
126,Colline,Baynes,74,cbaynes3h@wikipedia.org,Indonesia,,Social Worker,Dabshots,blue
127,Cristal,Grossier,53,cgrossier3i@theguardian.com,Russia,157812,Business Systems Development Analyst,Shufflebeat,red
128,Giustino,Shaxby,21,gshaxby3j@google.ru,Indonesia,,Human Resources Assistant I,Devshare,blue
129,Penn,Audus,68,paudus3k@cbsnews.com,Portugal,2425-065,Software Test Engineer II,Twiyo,red
130,Jammie,Newgrosh,33,jnewgrosh3l@aol.com,Nepal,,Data Coordinator,Devify,blue
131,Nerti,Vasilyonok,62,nvasilyonok3m@ihg.com,Indonesia,,Technical Writer,Skilith,red
132,Romona,Estable,36,restable3n@wiley.com,China,,Chief Design Engineer,Feedmix,green
133,Dugald,Ropking,84,dropking3o@yolasite.com,Russia,694752,Statistician I,Yacero,green
134,Lenna,Brine,83,lbrine3p@gov.uk,Russia,142139,Occupational Therapist,Miboo,blue
135,Constantia,Rablen,53,crablen3q@mtv.com,Vietnam,,Structural Analysis Engineer,Brainlounge,blue
136,Anastasia,Sawley,63,asawley3r@phoca.cz,Philippines,2005,Information Systems Manager,Yombu,blue
137,Veradis,Blacket,35,vblacket3s@technorati.com,Russia,680001,Programmer Analyst II,Quatz,red
138,Rosalinda,McCaskill,57,rmccaskill3t@canalblog.com,Ukraine,,Food Chemist,Meeveo,green
139,Darryl,McGaugan,55,dmcgaugan3u@hhs.gov,China,,Help Desk Technician,Feednation,red
140,Stanislaw,Seson,62,sseson3v@yellowbook.com,Ukraine,,Internal Auditor,Skyvu,green
141,Abigael,Dufour,23,adufour3w@skyrock.com,Russia,461360,Developer II,Kwinu,red
142,Atlanta,Gahagan,63,agahagan3x@seattletimes.com,Poland,11-040,Senior Editor,Skynoodle,blue
143,Devina,Sandy,54,dsandy3y@bigcartel.com,Indonesia,,Nurse,Yodo,blue
144,Dotti,Rossi,51,drossi3z@delicious.com,Indonesia,,Internal Auditor,Linklinks,green
145,Judy,Bragginton,65,jbragginton40@statcounter.com,China,,Sales Representative,Devpulse,red
146,Randal,Sitwell,54,rsitwell41@digg.com,France,21051 CEDEX,Teacher,Edgeblab,green
147,Nester,Tabard,78,ntabard42@flickr.com,Indonesia,,Clinical Specialist,Skinix,blue
148,Gale,Cansdale,28,gcansdale43@php.net,Philippines,8307,Analyst Programmer,Dynabox,red
149,Gwendolen,Marsh,37,gmarsh44@zimbio.com,United States,79165,Financial Advisor,Aimbu,red
150,Farica,Doyley,85,fdoyley45@hhs.gov,Russia,141707,Office Assistant IV,Topicstorm,green
151,Martelle,Romanski,71,mromanski46@sourceforge.net,Peru,,Director of Sales,Fivespan,red
152,Linoel,Douthwaite,32,ldouthwaite47@fc2.com,Poland,63-440,VP Accounting,Demizz,red
153,Nerita,Iwanczyk,65,niwanczyk48@gov.uk,Peru,,Cost Accountant,Twitterwire,green
154,Alyosha,Paolo,61,apaolo49@berkeley.edu,Indonesia,,Software Engineer II,Zoovu,red
155,Murry,Cull,32,mcull4a@godaddy.com,Russia,155126,Sales Representative,Kwinu,green
156,Jeniece,Bednall,33,jbednall4b@furl.net,Philippines,2408,Dental Hygienist,Mydeo,green
157,Imojean,Becraft,39,ibecraft4c@ibm.com,Mongolia,,Food Chemist,Realbuzz,blue
158,Joletta,Harriday,60,jharriday4d@home.pl,Kyrgyzstan,,Research Associate,Skipstorm,blue
159,Holden,Zaniolo,74,hzaniolo4e@reference.com,South Korea,,Structural Engineer,Twiyo,green
160,Walton,Le Bosse,28,wlebosse4f@nasa.gov,China,,Cost Accountant,Chatterpoint,green
161,Edie,Dubarry,25,edubarry4g@diigo.com,China,,Quality Engineer,Brightdog,blue
162,Dorrie,Pennicard,80,dpennicard4h@merriam-webster.com,Brazil,13560-000,Chemical Engineer,Shufflebeat,red
163,Ulrica,Bucklan,57,ubucklan4i@columbia.edu,Mongolia,,Design Engineer,Fiveclub,red
164,Bev,Po,80,bpo4j@phoca.cz,Iran,,Budget/Accounting Analyst II,Tavu,blue
165,Clarine,Blakeston,26,cblakeston4k@wikia.com,China,,VP Sales,Topiczoom,red
166,Stillmann,Blaszczak,42,sblaszczak4l@1688.com,Peru,,Junior Executive,Yabox,red
167,Merrill,Van den Bosch,42,mvandenbosch4m@upenn.edu,Uganda,,VP Product Management,Wordtune,green
168,Spence,Biswell,45,sbiswell4n@ezinearticles.com,China,,Accounting Assistant III,Brainbox,red
169,Gianni,Duce,84,gduce4o@goo.ne.jp,Vietnam,,Marketing Assistant,Skibox,red
170,Osborne,Kemet,22,okemet4p@nba.com,Ireland,H18,Marketing Assistant,Bluejam,red
171,Rae,Zecchii,71,rzecchii4q@utexas.edu,Russia,175320,Engineer II,Flashspan,blue
172,Tildy,Angrave,70,tangrave4r@dailymotion.com,Indonesia,,Accountant III,Jazzy,red
173,Rowe,Ripping,48,rripping4s@usnews.com,China,,Senior Editor,Fatz,red
174,Tam,Tiffney,84,ttiffney4t@ebay.co.uk,Philippines,2432,Staff Accountant IV,Ailane,blue
175,Olga,Hustler,64,ohustler4u@usatoday.com,Mexico,58880,Computer Systems Analyst I,Edgepulse,red
176,Laverne,Salomon,71,lsalomon4v@tmall.com,China,,Engineer II,Quamba,red
177,Silvain,Howsan,20,showsan4w@dailymotion.com,China,,Senior Cost Accountant,Youopia,blue
178,Francisco,Caunt,68,fcaunt4x@hc360.com,Sweden,431 10,Help Desk Technician,Leexo,blue
179,Saundra,Craxford,84,scraxford4y@topsy.com,Russia,142717,Database Administrator I,Skyvu,blue
180,Griswold,Skilbeck,42,gskilbeck4z@pen.io,Sudan,,Accountant III,Yodo,green
181,Shelden,Stanbridge,49,sstanbridge50@ustream.tv,China,,Nurse,Eire,red
182,Tamara,McIlveen,19,tmcilveen51@auda.org.au,Brazil,57900-000,Desktop Support Technician,Zoombox,blue
183,Emmi,Parkyn,48,eparkyn52@mit.edu,France,76821 CEDEX,GIS Technical Architect,Fanoodle,green
184,Gal,Wison,41,gwison53@1und1.de,Poland,32-087,Statistician II,Gevee,green
185,Lani,Goligly,67,lgoligly54@seattletimes.com,Japan,714-1405,Paralegal,Quamba,blue
186,Maryellen,Jinda,81,mjinda55@feedburner.com,Armenia,,Legal Assistant,Jabbersphere,green
187,Romola,Pett,46,rpett56@wix.com,Indonesia,,Assistant Manager,Babbleblab,green
188,Helenka,Leaves,52,hleaves57@yellowbook.com,Japan,501-1235,Financial Advisor,Eimbee,blue
189,Terza,Ninotti,71,tninotti58@squidoo.com,Sweden,232 91,Project Manager,Twimm,red
190,Dierdre,Stook,69,dstook59@tumblr.com,Norway,7729,Paralegal,Ooba,blue
191,Paton,Grave,37,pgrave5a@accuweather.com,Sweden,168 37,Structural Engineer,Livefish,blue
192,Lucille,Loudwell,48,lloudwell5b@sohu.com,China,,Account Coordinator,Meezzy,green
193,Lauree,Bracco,74,lbracco5c@cafepress.com,Lebanon,,Senior Cost Accountant,Dazzlesphere,red
194,Foster,Willshire,23,fwillshire5d@reuters.com,Brazil,59182-000,Senior Quality Engineer,Aimbu,red
195,Hurleigh,Pickavant,19,hpickavant5e@cafepress.com,China,,Account Representative III,Edgewire,blue
196,Gusella,Podd,72,gpodd5f@vinaora.com,Brazil,87300-000,Software Test Engineer II,Gigabox,red
197,Nelson,Forgan,84,nforgan5g@livejournal.com,United States,78715,Editor,Talane,green
198,Lonnie,Geggus,31,lgeggus5h@berkeley.edu,China,,Recruiter,Jayo,red
199,Caralie,Benninck,84,cbenninck5i@sakura.ne.jp,Indonesia,,Internal Auditor,Geba,green
200,Willamina,Caress,74,wcaress5j@furl.net,Argentina,3200,Graphic Designer,Skidoo,red
201,Arden,Ismail,37,aismail5k@boston.com,Morocco,,Physical Therapy Assistant,Photojam,green
202,Arlie,Wathall,27,awathall5l@mediafire.com,Japan,289-1211,Data Coordinator,Mudo,green
203,Normand,Robbie,22,nrobbie5m@unesco.org,Indonesia,,Help Desk Operator,Jaxworks,green
204,Gunilla,Scamp,27,gscamp5n@dmoz.org,Portugal,2835-795,Quality Control Specialist,Aivee,red
205,Editha,Proger,70,eproger5o@statcounter.com,Croatia,31402,VP Marketing,Zoomcast,blue
206,Agneta,Showalter,62,ashowalter5p@sina.com.cn,China,,Software Engineer IV,Agivu,blue
207,Curr,Carney,84,ccarney5q@opera.com,Canada,L7E,Actuary,Livetube,red
208,Annabel,Ambrogio,80,aambrogio5r@cbc.ca,Japan,976-0034,Marketing Assistant,Dazzlesphere,green
209,Ashleigh,Whiteford,46,awhiteford5s@bbb.org,United States,90410,Accountant III,Kanoodle,green
210,Kiah,Iacomi,50,kiacomi5t@usatoday.com,Indonesia,,Mechanical Systems Engineer,Zoovu,blue
211,Gabriella,Griffiths,70,ggriffiths5u@mozilla.com,China,,Quality Control Specialist,Meevee,green
212,Caz,Basso,25,cbasso5v@naver.com,Russia,182170,Quality Engineer,Youspan,blue
213,Dore,Espino,52,despino5w@wsj.com,Sweden,120 30,Design Engineer,Bubblemix,green
214,Norman,Daykin,61,ndaykin5x@gnu.org,Taiwan,,Chemical Engineer,Bluezoom,green
215,Dionisio,Perch,33,dperch5y@ibm.com,China,,Recruiter,Zoombox,red
216,Bernadine,Baswall,74,bbaswall5z@github.com,China,,Health Coach I,Skiba,blue
217,Maria,Brewis,53,mbrewis60@un.org,Honduras,,Desktop Support Technician,Browsedrive,green
218,Renell,McKeachie,69,rmckeachie61@homestead.com,China,,Junior Executive,Skyba,blue
219,Ari,Veillard,25,aveillard62@slate.com,Belarus,,Financial Advisor,Topicstorm,green
220,Corri,Le Fevre,22,clefevre63@theguardian.com,China,,Computer Systems Analyst II,Cogibox,blue
221,Rowland,Greder,19,rgreder64@boston.com,Japan,704-8124,Librarian,Feedfire,blue
222,Aura,MacQuist,26,amacquist65@wikia.com,Peru,,Developer I,Mydeo,red
223,Ethel,Nassi,33,enassi66@theguardian.com,New Zealand,179,VP Accounting,Zoonoodle,green
224,Del,Houlton,55,dhoulton67@reference.com,Palestinian Territory,,Professor,Centimia,green
225,Zilvia,Haslegrave,70,zhaslegrave68@hao123.com,Colombia,111831,Dental Hygienist,Jaxbean,green
226,Gunter,Calder,64,gcalder69@unblog.fr,China,,Systems Administrator IV,Gigazoom,blue
227,Brinna,Langwade,55,blangwade6a@imdb.com,Canada,N3E,Web Developer I,Quatz,blue
228,Germain,Cornock,82,gcornock6b@nhs.uk,Thailand,57210,Structural Analysis Engineer,Kayveo,red
229,Kiley,Johansson,83,kjohansson6c@moonfruit.com,United States,77305,VP Product Management,Lazzy,green
230,Ibbie,Bagg,52,ibagg6d@intel.com,Japan,905-2264,Food Chemist,Meezzy,green
231,Odell,Weich,67,oweich6e@nih.gov,China,,Software Consultant,Shufflebeat,red
232,Melody,Hubeaux,79,mhubeaux6f@comsenz.com,Bolivia,,Analyst Programmer,Latz,red
233,Katee,Whinney,27,kwhinney6g@hp.com,Greece,,Financial Advisor,Babbleblab,red
234,Fabien,Drakeford,58,fdrakeford6h@acquirethisname.com,Russia,666330,Registered Nurse,Twinder,blue
235,Phillipe,Wilsey,76,pwilsey6i@constantcontact.com,China,,Project Manager,Yadel,green
236,Hanan,Neilands,47,hneilands6j@zimbio.com,China,,Operator,Buzzster,red
237,Aliza,Langan,36,alangan6k@surveymonkey.com,China,,Sales Representative,Kaymbo,red
238,Olivero,Evers,27,oevers6l@sciencedirect.com,Brazil,75600-000,Staff Scientist,Topiclounge,red
239,Merv,Pascho,42,mpascho6m@princeton.edu,Ukraine,,Research Associate,Photobean,blue
240,Juliane,Kyffin,31,jkyffin6n@meetup.com,Philippines,5711,Marketing Manager,Browseblab,red
241,Tull,Syfax,29,tsyfax6o@trellian.com,Indonesia,,Systems Administrator IV,Kanoodle,red
242,Babb,Millam,84,bmillam6p@opera.com,Poland,58-564,Recruiter,Skivee,red
243,Puff,Peet,39,ppeet6q@parallels.com,United States,94807,Speech Pathologist,Kwimbee,red
244,Darcy,Tuckley,33,dtuckley6r@artisteer.com,Indonesia,,Assistant Professor,Riffpath,blue
245,Leora,Cantopher,83,lcantopher6s@utexas.edu,Cambodia,,Librarian,Blogspan,green
246,Winny,Knatt,72,wknatt6t@tinypic.com,Philippines,8309,Director of Sales,Jabbertype,green
247,Igor,Lovett,80,ilovett6u@360.cn,Indonesia,,Senior Financial Analyst,Plambee,green
248,Maggee,McInnes,54,mmcinnes6v@opensource.org,Argentina,3332,Marketing Assistant,Pixope,blue
249,Ilise,Burn,25,iburn6w@abc.net.au,Indonesia,,Staff Accountant I,Oyondu,blue
250,Honoria,Kunat,58,hkunat6x@posterous.com,Russia,623725,Analog Circuit Design manager,Zooveo,green
251,Jourdan,Minett,28,jminett6y@chronoengine.com,China,,Software Engineer II,Flashdog,red
252,Mallissa,Chappel,54,mchappel6z@webeden.co.uk,Tanzania,,Chief Design Engineer,Cogilith,blue
253,Maddy,Cordelle,24,mcordelle70@paypal.com,Hungary,9009,Developer I,Reallinks,red
254,Trixi,Larway,79,tlarway71@google.nl,Russia,674310,Sales Representative,Zoombox,blue
255,Ingelbert,Pummell,66,ipummell72@jugem.jp,Sweden,247 25,VP Product Management,Cogilith,green
256,Lindsay,Rivilis,67,lrivilis73@spiegel.de,Czech Republic,725 27,VP Sales,Gabspot,green
257,Colet,Branchflower,74,cbranchflower74@qq.com,Poland,43-188,Sales Associate,Photofeed,blue
258,Latrina,Gregersen,26,lgregersen75@nhs.uk,Peru,,Environmental Tech,Livetube,red
259,Wyndham,Stilldale,45,wstilldale76@ebay.co.uk,Philippines,6550,Mechanical Systems Engineer,Youbridge,green
260,Carree,Van der Brug,50,cvanderbrug77@jimdo.com,Philippines,4803,Information Systems Manager,Mynte,green
261,Hyman,Duddy,52,hduddy78@constantcontact.com,United States,49544,VP Sales,Skidoo,red
262,Timmy,Pisco,42,tpisco79@bbc.co.uk,Sweden,459 30,Food Chemist,Riffpath,red
263,Ketti,Bellward,77,kbellward7a@wordpress.org,Costa Rica,41002,Structural Analysis Engineer,Centizu,blue
264,Ly,Locksley,41,llocksley7b@theglobeandmail.com,Tanzania,,Actuary,Topiczoom,blue
265,Conn,Bruckstein,83,cbruckstein7c@fotki.com,Sweden,134 34,Recruiting Manager,Vidoo,green
266,Pattie,McGarrahan,53,pmcgarrahan7d@goo.gl,Vietnam,,Social Worker,Demimbu,blue
267,Broddie,Cleynman,74,bcleynman7e@sun.com,Finland,66999,Software Engineer II,Blogtag,blue
268,Katti,Fields,47,kfields7f@myspace.com,Russia,357367,Actuary,Zoombeat,red
269,Amelie,Reitenbach,69,areitenbach7g@photobucket.com,Philippines,4004,Account Coordinator,Centizu,green
270,Urson,O'Coskerry,55,uocoskerry7h@cmu.edu,China,,Electrical Engineer,Gevee,green
271,Sanders,Moreton,59,smoreton7i@rakuten.co.jp,Ukraine,,Physical Therapy Assistant,Abata,blue
272,Dottie,Mourbey,27,dmourbey7j@economist.com,South Africa,7947,Statistician II,Babbleopia,green
273,Wolfie,Greetham,31,wgreetham7k@howstuffworks.com,Iran,,Senior Quality Engineer,Kwideo,red
274,Wadsworth,Muggleston,75,wmuggleston7l@google.com.au,China,,Geologist III,Feedfish,red
275,Rosetta,Patters,84,rpatters7m@earthlink.net,Switzerland,4024,Computer Systems Analyst II,Dabfeed,green
276,Kiersten,Woodfield,22,kwoodfield7n@shop-pro.jp,Brazil,57000-000,Speech Pathologist,Zoonoodle,green
277,Walther,Locard,66,wlocard7o@taobao.com,South Africa,4492,Legal Assistant,Gabcube,green
278,Leah,Quarterman,19,lquarterman7p@php.net,Hungary,5604,Structural Engineer,Demivee,blue
279,Mayor,Brown,79,mbrown7q@aol.com,China,,Account Coordinator,Realmix,blue
280,Libbi,Blind,36,lblind7r@cisco.com,Bulgaria,3500,Design Engineer,Jamia,red
281,Vladimir,McClenaghan,47,vmcclenaghan7s@google.ru,Armenia,,Accountant IV,Zoombox,green
282,Sukey,Belford,70,sbelford7t@addthis.com,China,,Recruiting Manager,Zooveo,green
283,Evonne,Corbett,23,ecorbett7u@webs.com,Uruguay,,Biostatistician III,Kwinu,green
284,Lynnell,Pascoe,77,lpascoe7v@friendfeed.com,Sweden,582 21,Research Associate,Trilia,blue
285,Martina,Mort,74,mmort7w@marriott.com,Canada,M9R,Recruiter,Youbridge,blue
286,Illa,Snowden,53,isnowden7x@abc.net.au,China,,Quality Engineer,Blogspan,blue
287,Meggy,Woodroff,83,mwoodroff7y@mapquest.com,Pakistan,17031,Technical Writer,Quinu,green
288,Kennett,Craker,66,kcraker7z@cbslocal.com,China,,Cost Accountant,Cogilith,red
289,Shalne,Frotton,60,sfrotton80@bbb.org,China,,VP Quality Control,Shuffletag,red
290,Orv,Houdmont,30,ohoudmont81@ask.com,Brazil,39560-000,Nuclear Power Engineer,Zoombox,red
291,Bondon,Glynne,52,bglynne82@blogger.com,China,,Office Assistant II,Zoomzone,blue
292,Roscoe,Norvel,19,rnorvel83@smugmug.com,Sweden,721 85,Software Consultant,Meetz,blue
293,Phillip,Kibbe,18,pkibbe84@google.it,Vietnam,,Mechanical Systems Engineer,Kazu,blue
294,Aile,Chawkley,76,achawkley85@amazon.co.jp,Peru,,Web Designer III,Bluezoom,blue
295,Matty,Sharrier,82,msharrier86@sbwire.com,China,,Quality Control Specialist,Innotype,blue
296,Halimeda,Gerritzen,56,hgerritzen87@google.nl,China,,VP Product Management,Mycat,green
297,Andres,Terzi,71,aterzi88@house.gov,Serbia,,Engineer III,Devify,blue
298,Laird,Cossam,47,lcossam89@twitpic.com,Estonia,,Physical Therapy Assistant,Minyx,blue
299,Shem,Redgrove,57,sredgrove8a@vistaprint.com,Palestinian Territory,,Sales Representative,Jazzy,blue
300,Myrle,Wycherley,83,mwycherley8b@sohu.com,Guatemala,22012,Computer Systems Analyst IV,Yambee,green
301,Gertruda,Riddick,62,griddick8c@alibaba.com,Iran,,Quality Engineer,BlogXS,green
302,Verla,Marie,39,vmarie8d@patch.com,Ukraine,,Business Systems Development Analyst,Mita,blue
303,Axe,Letterick,59,aletterick8e@engadget.com,Morocco,,Design Engineer,Bluezoom,blue
304,June,Fenton,48,jfenton8f@digg.com,Ireland,Y34,Budget/Accounting Analyst I,Skipstorm,red
305,Kerrin,Grahl,31,kgrahl8g@istockphoto.com,Russia,655138,Computer Systems Analyst III,Jabberbean,green
306,Konstance,Newbery,46,knewbery8h@diigo.com,China,,Help Desk Technician,Gigabox,red
307,Belia,St. Aubyn,36,bstaubyn8i@studiopress.com,Russia,361218,Budget/Accounting Analyst II,Skimia,blue
308,Janelle,Godman,69,jgodman8j@npr.org,Thailand,36110,Speech Pathologist,Dablist,green
309,Hillery,Meikle,20,hmeikle8k@ft.com,Jamaica,,Account Coordinator,Flashspan,red
310,Ella,Aldritt,76,ealdritt8l@prlog.org,Philippines,6544,Speech Pathologist,Demivee,blue
311,Henrietta,Cuberley,68,hcuberley8m@g.co,Sweden,103 22,Financial Analyst,Brainsphere,green
312,Stephenie,Blampey,84,sblampey8n@ucoz.ru,Greece,,Senior Editor,Gigashots,blue
313,Esmeralda,Klagge,64,eklagge8o@yale.edu,Peru,,Financial Analyst,Eayo,red
314,Earl,Madsen,76,emadsen8p@shop-pro.jp,Poland,35-959,Graphic Designer,Ntag,red
315,Noelani,Van der Linde,64,nvanderlinde8q@4shared.com,China,,Sales Representative,Brainverse,green
316,Min,Callcott,83,mcallcott8r@cnbc.com,Poland,14-401,Food Chemist,Myworks,red
317,Andy,Fullerlove,25,afullerlove8s@artisteer.com,Thailand,14150,Biostatistician II,Flashspan,blue
318,Averil,Colkett,82,acolkett8t@last.fm,China,,Web Developer III,Photobug,green
319,Micky,Phippin,39,mphippin8u@hp.com,Portugal,4950-680,Dental Hygienist,Zazio,blue
320,Fan,Harbor,70,fharbor8v@techcrunch.com,Colombia,733558,Chief Design Engineer,Oyoba,blue
321,Sasha,Scudder,41,sscudder8w@irs.gov,Kazakhstan,,Information Systems Manager,Thoughtmix,blue
322,Ursala,Kuna,61,ukuna8x@bing.com,Indonesia,,Sales Representative,Gabtype,red
323,Feodora,Brazel,29,fbrazel8y@nifty.com,Mexico,40687,Associate Professor,Skivee,blue
324,Byram,Sibun,82,bsibun8z@barnesandnoble.com,Mexico,65600,Senior Editor,Photobug,blue
325,Kendal,Tomney,66,ktomney90@ow.ly,Poland,37-206,Product Engineer,Gevee,red
326,Alyssa,Naile,21,anaile91@seesaa.net,China,,Payment Adjustment Coordinator,Vitz,green
327,Melisse,Townley,58,mtownley92@house.gov,Canada,R8A,Social Worker,Lazzy,blue
328,Belinda,Yeoland,81,byeoland93@networkadvertising.org,Argentina,5223,Social Worker,Trilia,blue
329,Burl,Casero,64,bcasero94@twitter.com,Ireland,C15,Senior Cost Accountant,Brainbox,red
330,Quintilla,Davidovitz,72,qdavidovitz95@wp.com,Netherlands,6519,Operator,Browsebug,red
331,Maxy,Lanyon,62,mlanyon96@huffingtonpost.com,Indonesia,,Data Coordinator,BlogXS,blue
332,Oralla,Fadell,26,ofadell97@smh.com.au,Tanzania,,Account Representative II,InnoZ,red
333,Laureen,Boutflour,42,lboutflour98@epa.gov,Colombia,194089,Web Developer IV,Meevee,blue
334,Linn,McCaughen,79,lmccaughen99@answers.com,North Korea,,Payment Adjustment Coordinator,Flashspan,blue
335,Reeta,Thursby,77,rthursby9a@amazonaws.com,Russia,309296,Programmer Analyst IV,Browsebug,red
336,Leodora,Mountford,82,lmountford9b@tripadvisor.com,Russia,403140,Mechanical Systems Engineer,Topicshots,blue
337,Roy,Alves,57,ralves9c@usgs.gov,Indonesia,,Financial Analyst,Zoozzy,blue
338,Welch,Marriott,38,wmarriott9d@dot.gov,China,,VP Sales,Skipfire,red
339,Devland,Hrus,59,dhrus9e@geocities.com,Ukraine,,Account Coordinator,Eare,green
340,Kean,Cullington,80,kcullington9f@skyrock.com,Indonesia,,Analog Circuit Design manager,Einti,green
341,Reginald,Petrolli,62,rpetrolli9g@yandex.ru,China,,Administrative Assistant II,Zoonoodle,red
342,Nelly,Leades,70,nleades9h@bloomberg.com,China,,Nurse,Thoughtworks,blue
343,Aluino,Abbay,52,aabbay9i@mail.ru,Czech Republic,739 51,Senior Quality Engineer,Edgepulse,red
344,Glenden,Alderwick,68,galderwick9j@scribd.com,South Korea,,Biostatistician III,Bluezoom,green
345,Bent,Tomaszczyk,35,btomaszczyk9k@accuweather.com,Morocco,,Nurse Practicioner,Tagpad,blue
346,Joela,Allery,62,jallery9l@i2i.jp,Indonesia,,Chemical Engineer,Skinix,red
347,Ginger,Pidgen,30,gpidgen9m@tiny.cc,Indonesia,,VP Product Management,Photofeed,green
348,Christophorus,Shickle,25,cshickle9n@intel.com,Canada,S7W,Geological Engineer,Meevee,blue
349,Yehudi,Pratt,18,ypratt9o@yellowpages.com,Thailand,56120,Structural Analysis Engineer,Voonder,blue
350,Antone,Flather,19,aflather9p@nymag.com,Kazakhstan,,Registered Nurse,Jabbertype,red
351,Isidore,Petera,26,ipetera9q@cyberchimps.com,Poland,26-050,Executive Secretary,Blogtag,red
352,Wynne,Kier,26,wkier9r@google.es,Indonesia,,Senior Cost Accountant,Topicshots,red
353,Freemon,Jonczyk,18,fjonczyk9s@gravatar.com,Poland,23-413,Analog Circuit Design manager,Yacero,red
354,Anette,Jodlowski,32,ajodlowski9t@engadget.com,China,,Account Executive,Gigaclub,blue
355,Pearce,Petett,60,ppetett9u@com.com,Chad,,Budget/Accounting Analyst III,Skyble,red
356,Anne,Domokos,83,adomokos9v@reuters.com,Libya,,Registered Nurse,Devbug,green
357,Gibbie,Houldcroft,19,ghouldcroft9w@sbwire.com,Norway,1725,Structural Engineer,Rhybox,blue
358,Gardener,Britee,81,gbritee9x@istockphoto.com,Poland,34-143,VP Marketing,Fivespan,red
359,Aura,Antonov,35,aantonov9y@uol.com.br,China,,Junior Executive,Babbleset,red
360,Germayne,Fremantle,81,gfremantle9z@addtoany.com,Indonesia,,Structural Analysis Engineer,Fivespan,red
361,Marina,Cottesford,35,mcottesforda0@lycos.com,Greece,,Sales Representative,Vinder,red
362,Wildon,Kubes,54,wkubesa1@csmonitor.com,Japan,736-0089,VP Product Management,Tagtune,red
363,Fancy,Garham,53,fgarhama2@nifty.com,China,,Biostatistician III,Eidel,red
364,Liuka,Alder,78,laldera3@example.com,Albania,,Web Developer IV,Zoonder,green
365,Johannes,Nannetti,54,jnannettia4@qq.com,Indonesia,,Food Chemist,Quatz,green
366,Alberta,Kollatsch,79,akollatscha5@archive.org,China,,Mechanical Systems Engineer,Thoughtbeat,green
367,Mercie,Duchart,70,mducharta6@dyndns.org,Thailand,91130,Clinical Specialist,Vinder,red
368,Omero,Rendle,25,orendlea7@miitbeian.gov.cn,Kazakhstan,,Help Desk Operator,Centimia,green
369,Abagail,Whitehorne,36,awhitehornea8@geocities.com,Nigeria,,Web Developer II,Innojam,blue
370,Keenan,Spelman,33,kspelmana9@desdev.cn,Tanzania,,Senior Financial Analyst,Divavu,red
371,Dorette,Fincher,22,dfincheraa@apache.org,Poland,63-417,Registered Nurse,Yakijo,red
372,Barnard,Hourican,77,bhouricanab@google.com,Philippines,3322,Librarian,Topiczoom,green
373,Seana,McMechan,43,smcmechanac@arstechnica.com,Poland,28-131,Chief Design Engineer,Riffpath,blue
374,Elston,Pym,27,epymad@smh.com.au,Portugal,3405-260,Electrical Engineer,Jabbercube,blue
375,Danyette,Peabody,62,dpeabodyae@usatoday.com,Russia,188422,Chief Design Engineer,Yodoo,green
376,Georgi,Beszant,62,gbeszantaf@comsenz.com,China,,Staff Accountant II,Tagtune,blue
377,Colan,Haulkham,60,chaulkhamag@va.gov,China,,Social Worker,Tagpad,blue
378,Koral,Flowerdew,30,kflowerdewah@gov.uk,Thailand,10560,Administrative Officer,Yodel,green
379,Sasha,Piers,71,spiersai@ucla.edu,Colombia,252219,Research Associate,Demivee,red
380,Lorianne,Pursey,75,lpurseyaj@soundcloud.com,France,58209 CEDEX,VP Quality Control,Omba,green
381,Irvin,Gerrey,30,igerreyak@myspace.com,Portugal,7645-215,Physical Therapy Assistant,Rooxo,green
382,Hilarius,Commins,35,hcomminsal@wikipedia.org,Brazil,48430-000,Administrative Assistant III,Quatz,green
383,Etan,Dufore,67,edufoream@patch.com,Tunisia,,Assistant Media Planner,Oyondu,blue
384,Georgeta,Pires,64,gpiresan@sciencedaily.com,Albania,,Marketing Assistant,Oyonder,red
385,Sax,Thorneley,65,sthorneleyao@ox.ac.uk,Peru,,Geological Engineer,Gigashots,blue
386,Esmeralda,Abba,27,eabbaap@bigcartel.com,China,,Paralegal,Jabberstorm,green
387,Codie,Woodfin,70,cwoodfinaq@rambler.ru,Tokelau,,Editor,Aibox,red
388,Meredithe,Berrane,41,mberranear@bbc.co.uk,Netherlands,8204,Programmer III,Demivee,blue
389,Link,McPhaden,48,lmcphadenas@naver.com,Sierra Leone,,Compensation Analyst,Jamia,blue
390,Emma,Tyers,65,etyersat@cnn.com,Poland,98-310,Internal Auditor,LiveZ,green
391,Holly,Wingham,67,hwinghamau@squarespace.com,China,,Analog Circuit Design manager,Lazz,blue
392,Ossie,Greenard,21,ogreenardav@behance.net,Argentina,2823,Dental Hygienist,Oyoba,red
393,Mala,Camell,77,mcamellaw@wikispaces.com,Sweden,302 55,Media Manager II,Realcube,blue
394,Mackenzie,Schimon,45,mschimonax@noaa.gov,Japan,969-6244,Staff Accountant IV,Gabtype,red
395,Berry,Harce,57,bharceay@fda.gov,China,,Safety Technician IV,Photobean,green
396,Leandra,Chorley,20,lchorleyaz@google.cn,Oman,,Assistant Media Planner,Youfeed,red
397,Lula,Colleer,29,lcolleerb0@infoseek.co.jp,Poland,17-132,Account Representative II,Divanoodle,green
398,Dorena,Monelli,40,dmonellib1@youtube.com,Egypt,,Software Test Engineer I,Dynabox,green
399,Nancie,Dobie,80,ndobieb2@tripod.com,North Korea,,Financial Analyst,Oba,green
400,Carmine,Ingerman,77,cingermanb3@google.cn,Ukraine,,Developer I,Voonix,blue
401,Markos,Jarmyn,30,mjarmynb4@time.com,China,,Senior Editor,Dabvine,green
402,Odell,Peoples,59,opeoplesb5@msn.com,Russia,238590,General Manager,Linkbuzz,blue
403,Carlota,Linzee,40,clinzeeb6@sciencedirect.com,Argentina,3712,VP Quality Control,Centimia,red
404,Agatha,Rapley,48,arapleyb7@techcrunch.com,Japan,969-3501,Associate Professor,Quire,blue
405,Evyn,Bock,56,ebockb8@spotify.com,China,,Professor,Yambee,blue
406,Charlotta,Hearon,38,chearonb9@nationalgeographic.com,Macedonia,1236,Recruiter,Jabbertype,blue
407,Nani,McHardy,55,nmchardyba@vkontakte.ru,Nigeria,,Account Coordinator,Yadel,blue
408,Filberte,Bugler,77,fbuglerbb@hexun.com,Russia,453480,Assistant Media Planner,Thoughtsphere,red
409,Tierney,Brinkler,62,tbrinklerbc@ucla.edu,Philippines,9201,Actuary,Viva,blue
410,Luise,Minett,32,lminettbd@quantcast.com,Indonesia,,Nurse Practicioner,Jayo,green
411,Klaus,Garioch,44,kgariochbe@pen.io,Indonesia,,Systems Administrator III,LiveZ,green
412,Carmita,Grogona,41,cgrogonabf@cargocollective.com,Portugal,4525-485,Assistant Media Planner,Gigabox,green
413,Torrie,Soppett,72,tsoppettbg@usda.gov,China,,Human Resources Manager,Roomm,red
414,Angelica,Hinchcliffe,59,ahinchcliffebh@de.vu,Bhutan,,Nurse Practicioner,Aibox,red
415,Grier,Bottinelli,24,gbottinellibi@npr.org,Chile,,Structural Engineer,Oyoyo,blue
416,Bernarr,Summerlee,67,bsummerleebj@reference.com,Uzbekistan,,Librarian,Bubblebox,green
417,Pepita,Tootell,57,ptootellbk@engadget.com,Indonesia,,Software Engineer II,Rhybox,red
418,Prince,Filkov,39,pfilkovbl@histats.com,Serbia,,Senior Developer,Ntags,green
419,Carine,Grene,29,cgrenebm@comcast.net,Israel,,Computer Systems Analyst I,Flashpoint,red
420,Yvon,Antos,46,yantosbn@altervista.org,Honduras,,Programmer III,Devify,green
421,Bealle,Czaja,67,bczajabo@discovery.com,Palestinian Territory,,Dental Hygienist,Skipstorm,green
422,Glenine,Waggitt,57,gwaggittbp@chicagotribune.com,China,,Web Designer I,Rhyzio,green
423,Krisha,Schurig,39,kschurigbq@businessweek.com,France,94414 CEDEX,Design Engineer,Vinte,blue
424,Pancho,Cockley,69,pcockleybr@skype.com,Guatemala,5009,Nurse,Meevee,green
425,Gayle,Rime,60,grimebs@uiuc.edu,Poland,55-100,Analyst Programmer,Trilia,blue
426,Donavon,Stansell,81,dstansellbt@theglobeandmail.com,Thailand,30240,Analyst Programmer,Babblestorm,blue
427,Chaddie,Drysdale,80,cdrysdalebu@amazonaws.com,Yemen,,Physical Therapy Assistant,Jayo,blue
428,Margit,Cuningham,77,mcuninghambv@cargocollective.com,China,,Account Executive,Tambee,green
429,Dennet,Adran,63,dadranbw@blog.com,Poland,42-270,Marketing Assistant,Riffwire,blue
430,Amity,Golton,52,agoltonbx@facebook.com,Japan,359-1144,Marketing Assistant,Kare,blue
431,Jobi,Saurat,50,jsauratby@clickbank.net,Indonesia,,Marketing Assistant,Gabvine,green
432,Garland,McCadden,27,gmccaddenbz@cmu.edu,Philippines,2334,GIS Technical Architect,Skinte,blue
433,Fielding,O' Clovan,74,foclovanc0@census.gov,Greece,,Database Administrator II,Teklist,green
434,Zaria,Wethered,84,zwetheredc1@psu.edu,Thailand,60230,Geological Engineer,Quire,blue
435,Alanah,Doale,68,adoalec2@tinyurl.com,Cyprus,,Marketing Manager,Miboo,green
436,Gage,Blaiklock,30,gblaiklockc3@bbb.org,Peru,,Business Systems Development Analyst,Brightbean,green
437,Pattin,Braam,65,pbraamc4@howstuffworks.com,Philippines,5705,General Manager,Riffpedia,green
438,Tatiana,Deverose,20,tdeverosec5@ox.ac.uk,Russia,624607,Clinical Specialist,Youfeed,red
439,Margareta,Duxbury,25,mduxburyc6@biglobe.ne.jp,China,,Help Desk Operator,Flipstorm,blue
440,Goddart,Belliveau,78,gbelliveauc7@dion.ne.jp,Indonesia,,Internal Auditor,Wikivu,blue
441,Norine,Antalffy,38,nantalffyc8@earthlink.net,Poland,41-407,Web Designer I,Oozz,blue
442,Danette,Zannuto,36,dzannutoc9@amazonaws.com,China,,Pharmacist,Buzzbean,green
443,Henrieta,Pilsbury,78,hpilsburyca@craigslist.org,Sweden,722 33,Speech Pathologist,Photobean,green
444,Kanya,McManamon,85,kmcmanamoncb@xrea.com,Indonesia,,Teacher,Voomm,green
445,Melicent,Docket,44,mdocketcc@kickstarter.com,China,,Software Test Engineer III,Yakijo,blue
446,Ingunna,Mertin,40,imertincd@tinyurl.com,Brazil,97700-000,Financial Advisor,Bubbletube,red
447,Horace,Ansill,70,hansillce@census.gov,Russia,356020,Clinical Specialist,Realpoint,green
448,Smith,Dunican,30,sdunicancf@xing.com,Russia,352808,VP Product Management,LiveZ,green
449,Lilla,McGraffin,24,lmcgraffincg@ycombinator.com,Russia,634510,Occupational Therapist,Divanoodle,blue
450,Honoria,Corrington,54,hcorringtonch@google.com,Nigeria,,Office Assistant IV,Edgetag,red
451,Con,Whiteoak,62,cwhiteoakci@sbwire.com,Burundi,,Account Executive,Quinu,green
452,Alys,Wycliff,81,awycliffcj@theatlantic.com,Lebanon,,Associate Professor,Rhycero,green
453,Joey,Cokely,66,jcokelyck@ovh.net,Aland Islands,22610,VP Quality Control,Livefish,blue
454,Alisun,Pedroli,42,apedrolicl@pcworld.com,Bulgaria,3500,Director of Sales,Zoonoodle,green
455,Dav,Knightley,41,dknightleycm@prnewswire.com,Egypt,,Research Assistant III,Topiclounge,red
456,Burl,Gravenell,44,bgravenellcn@myspace.com,Poland,36-130,Teacher,Twitterbeat,blue
457,Tracey,Cuthill,44,tcuthillco@pagesperso-orange.fr,Iran,,Editor,Babblestorm,blue
458,Kristyn,Stollwerk,63,kstollwerkcp@psu.edu,Philippines,6117,VP Accounting,Podcat,red
459,Harriott,Kornalik,52,hkornalikcq@nps.gov,Greece,,Administrative Officer,Wikizz,red
460,Astrid,Bullion,50,abullioncr@godaddy.com,Ukraine,,Food Chemist,Centizu,green
461,Pavia,Gouge,37,pgougecs@wired.com,Poland,26-631,Administrative Assistant III,LiveZ,red
462,Tadeas,Gurry,48,tgurryct@opera.com,Thailand,67110,Programmer Analyst III,Kwimbee,blue
463,Elvis,Geare,54,egearecu@pinterest.com,United States,72209,Accounting Assistant IV,Voonix,red
464,Jock,Kinvig,24,jkinvigcv@csmonitor.com,United States,92883,Administrative Assistant III,Topiczoom,green
465,Cally,Bettlestone,83,cbettlestonecw@newsvine.com,Russia,356403,Teacher,Rhyloo,green
466,Constance,Sire,42,csirecx@github.com,Nigeria,,Cost Accountant,Jayo,red
467,Odella,Hubery,55,ohuberycy@forbes.com,China,,Registered Nurse,Youtags,red
468,Lizbeth,Auletta,72,laulettacz@de.vu,South Africa,2276,Quality Control Specialist,Jetpulse,green
469,Jerad,Brager,84,jbragerd0@noaa.gov,Jordan,,Environmental Tech,Zoozzy,blue
470,Valene,Goldston,21,vgoldstond1@joomla.org,Russia,307736,General Manager,Vinte,blue
471,Odella,Firpi,35,ofirpid2@fda.gov,Costa Rica,41002,Nuclear Power Engineer,Vinte,green
472,Hailey,Guihen,46,hguihend3@etsy.com,Poland,77-420,Marketing Assistant,Topicware,green
473,Hugh,Tinston,31,htinstond4@rediff.com,United States,28263,Senior Financial Analyst,Jetwire,red
474,Kate,Looney,55,klooneyd5@goodreads.com,Indonesia,,Executive Secretary,Twitternation,green
475,Natalie,Dimmack,36,ndimmackd6@msn.com,China,,Payment Adjustment Coordinator,Voonix,green
476,Mohandis,Cicculi,40,mcicculid7@deviantart.com,United States,2745,Sales Representative,Gigashots,green
477,Dev,McLean,55,dmcleand8@census.gov,New Zealand,4541,Analog Circuit Design manager,Roodel,green
478,Inessa,Peterkin,54,ipeterkind9@nba.com,Russia,161560,Senior Financial Analyst,Oyondu,blue
479,Arlina,Giggie,82,agiggieda@tinyurl.com,Sweden,187 14,Actuary,Chatterpoint,blue
480,Rhody,Monketon,30,rmonketondb@hostgator.com,China,,Operator,Minyx,red
481,Jenda,Blade,31,jbladedc@about.me,China,,Statistician I,Bubbletube,red
482,Stanton,Enoksson,22,senokssondd@state.gov,China,,Environmental Specialist,Yakidoo,red
483,Jennica,Dingwall,67,jdingwallde@mayoclinic.com,Czech Republic,517 71,Legal Assistant,Blogspan,red
484,Leeland,Bithell,56,lbithelldf@hugedomains.com,China,,Quality Engineer,Skinix,blue
485,Poppy,Butchers,40,pbutchersdg@tinyurl.com,Portugal,4630-025,GIS Technical Architect,Quire,red
486,Dun,Jesper,79,djesperdh@google.de,Russia,186915,Financial Advisor,Kare,red
487,Garland,Ruppert,84,gruppertdi@about.com,Afghanistan,,Director of Sales,Browsedrive,green
488,Antonin,Fearnley,44,afearnleydj@thetimes.co.uk,Bulgaria,2281,Sales Representative,Katz,red
489,Nana,Seymer,59,nseymerdk@sciencedirect.com,Russia,394961,Software Test Engineer I,Realblab,blue
490,Michaela,Shoesmith,66,mshoesmithdl@google.ru,Russia,152616,Senior Developer,Yadel,red
491,Noam,Koppen,44,nkoppendm@cam.ac.uk,Indonesia,,Legal Assistant,Blognation,blue
492,Deeann,Shea,52,dsheadn@vimeo.com,Philippines,7008,Executive Secretary,Thoughtsphere,green
493,Gunner,Crookshank,24,gcrookshankdo@illinois.edu,Ukraine,,Legal Assistant,Oba,green
494,Eugine,Tallent,58,etallentdp@yahoo.co.jp,Tanzania,,Human Resources Manager,Avavee,blue
495,Deny,Rene,64,drenedq@whitehouse.gov,Macedonia,1047,VP Marketing,Feedfish,green
496,Candice,Nutkins,60,cnutkinsdr@aboutads.info,Indonesia,,Junior Executive,Vipe,green
497,Alano,Fawdery,44,afawderyds@123-reg.co.uk,Portugal,3070-125,Sales Associate,Meejo,green
498,Katheryn,Andino,39,kandinodt@addthis.com,Portugal,2605-016,Nuclear Power Engineer,Meevee,red
499,Leonid,Karlsson,75,lkarlssondu@nymag.com,China,,Senior Editor,Pixope,red
500,Zuzana,Kopp,40,zkoppdv@blogger.com,China,,Actuary,Kimia,red
501,Rebekkah,Mickleborough,32,rmickleboroughdw@merriam-webster.com,Argentina,2820,Marketing Manager,Myworks,blue
502,Taddeo,Stiggles,62,tstigglesdx@php.net,Portugal,3270-152,Registered Nurse,Pixoboo,green
503,Ignacius,Knowlson,69,iknowlsondy@fema.gov,Poland,32-060,Chief Design Engineer,Jabbersphere,blue
504,Malena,Sharplin,63,msharplindz@noaa.gov,North Korea,,Geological Engineer,Gigazoom,red
505,Valentine,Mixer,63,vmixere0@163.com,China,,Media Manager II,BlogXS,blue
506,Olympie,Dwine,30,odwinee1@baidu.com,France,57076 CEDEX 03,Office Assistant III,Zooveo,red
507,Goddard,Newby,82,gnewbye2@shutterfly.com,Russia,671360,Research Nurse,Avavee,blue
508,Sergei,Lockhart,30,slockharte3@constantcontact.com,China,,Developer II,Trudeo,blue
509,Lucais,Tummond,73,ltummonde4@blogs.com,Poland,17-123,Physical Therapy Assistant,Vinder,blue
510,Susy,Culcheth,40,sculchethe5@spiegel.de,China,,Account Coordinator,Skinte,red
511,Adolphus,Godmer,59,agodmere6@nature.com,Indonesia,,Dental Hygienist,Chatterpoint,green
512,Sharia,Rowlands,28,srowlandse7@europa.eu,Argentina,2433,Librarian,Meeveo,red
513,Suzann,Bentall,49,sbentalle8@walmart.com,Yemen,,Professor,Browsetype,green
514,Matthiew,Beaves,35,mbeavese9@parallels.com,Iran,,Actuary,Gabspot,green
515,Creigh,Astin,42,castinea@rakuten.co.jp,Mexico,47849,Mechanical Systems Engineer,Flashspan,red
516,Jennica,Barkhouse,83,jbarkhouseeb@engadget.com,Egypt,,Recruiter,Ailane,red
517,Clari,Cruise,23,ccruiseec@pbs.org,France,37174 CEDEX,Marketing Manager,Tagpad,green
518,Reynolds,Wilbraham,48,rwilbrahamed@cloudflare.com,Canada,V1A,Budget/Accounting Analyst II,Bubblemix,blue
519,Laney,Vigurs,53,lvigursee@google.pl,South Africa,1028,Budget/Accounting Analyst II,Photobug,green
520,Michel,Godar,76,mgodaref@pbs.org,China,,Senior Quality Engineer,Youbridge,blue
521,Drucill,Godwyn,69,dgodwyneg@google.nl,Cameroon,,VP Sales,Blognation,green
522,Rina,Orniz,58,rornizeh@illinois.edu,China,,Chief Design Engineer,Thoughtsphere,blue
523,Oates,Mordy,68,omordyei@uol.com.br,Philippines,4419,Systems Administrator III,Dablist,green
524,Loise,Simner,55,lsimnerej@toplist.cz,Russia,361336,Information Systems Manager,Vinder,red
525,Freddy,Mashro,36,fmashroek@utexas.edu,United States,95833,Environmental Tech,Fliptune,red
526,Helga,Labell,76,hlabellel@ustream.tv,Philippines,4124,Nurse,Feedmix,red
527,Gale,McCrea,33,gmccreaem@archive.org,Morocco,,Environmental Specialist,Youfeed,green
528,Babbie,Canon,79,bcanonen@latimes.com,Bosnia and Herzegovina,,Quality Engineer,Devcast,green
529,Seana,Ollcott,69,sollcotteo@e-recht24.de,China,,Nurse,Kazu,blue
530,Karil,Isaacs,82,kisaacsep@guardian.co.uk,Russia,366013,Account Coordinator,Flashset,green
531,Melantha,Dunwoody,38,mdunwoodyeq@weebly.com,Cambodia,,Nurse Practicioner,Edgeify,blue
532,Barnard,Gittens,44,bgittenser@prnewswire.com,Uganda,,Research Associate,Quire,green
533,Daffi,Diggens,34,ddiggenses@icq.com,Poland,22-650,Database Administrator III,Skinte,green
534,Kipp,Quickfall,82,kquickfallet@icq.com,Gambia,,Web Developer IV,Voonder,red
535,Ame,Mewett,70,amewetteu@wufoo.com,Sint Maarten,,Data Coordinator,Eamia,red
536,Nissie,Thalmann,70,nthalmannev@economist.com,Colombia,133567,Civil Engineer,Vinder,green
537,Annabal,Brawson,38,abrawsonew@rakuten.co.jp,Tanzania,,Environmental Specialist,Oyoyo,blue
538,Aymer,Harmer,18,aharmerex@dailymotion.com,China,,Nurse,Flashset,blue
539,Christopher,Van Velden,31,cvanveldeney@hubpages.com,Malaysia,93658,Social Worker,Babbleblab,blue
540,Daphene,Gowling,69,dgowlingez@vkontakte.ru,Brazil,78820-000,Product Engineer,Jayo,green
541,Susana,Tomsa,68,stomsaf0@ucoz.com,Iran,,Nurse Practicioner,Fadeo,green
542,Teresita,King,21,tkingf1@squarespace.com,Philippines,6034,Human Resources Assistant IV,Skilith,green
543,Lisabeth,McGeneay,57,lmcgeneayf2@netvibes.com,Philippines,6105,GIS Technical Architect,Realfire,blue
544,Morly,Pindell,31,mpindellf3@hostgator.com,Canada,S0H,Safety Technician IV,Myworks,blue
545,Obadias,Filer,21,ofilerf4@squidoo.com,Philippines,1114,Teacher,Flashpoint,red
546,Son,Rubinsztein,71,srubinszteinf5@kickstarter.com,France,34032 CEDEX 1,Database Administrator IV,Abatz,green
547,Monte,Halward,65,mhalwardf6@dailymotion.com,Indonesia,,Account Coordinator,Yozio,red
548,Devlin,Biggerdike,77,dbiggerdikef7@tinyurl.com,Argentina,2121,Programmer Analyst IV,Oozz,green
549,Moise,Jepp,28,mjeppf8@deviantart.com,Central African Republic,,Graphic Designer,Ntags,blue
550,Jenine,Barenski,21,jbarenskif9@mozilla.org,Indonesia,,Database Administrator III,Yodo,blue
551,Ellary,Crowcum,20,ecrowcumfa@cbslocal.com,Iran,,Dental Hygienist,Feednation,green
552,Marybelle,Cham,58,mchamfb@virginia.edu,Norway,6015,Account Representative II,Thoughtmix,red
553,Alfy,Huby,84,ahubyfc@lulu.com,Sweden,667 91,Teacher,Ailane,red
554,Obadias,Graber,25,ograberfd@google.pl,Portugal,4770-834,Software Test Engineer IV,Jaxbean,blue
555,Margot,Castanaga,57,mcastanagafe@soup.io,Indonesia,,Senior Cost Accountant,Katz,red
556,Wendeline,Kuhlmey,31,wkuhlmeyff@sbwire.com,Philippines,8301,Office Assistant I,Layo,green
557,Jodi,Cordeiro,73,jcordeirofg@yandex.ru,China,,Internal Auditor,Yakijo,red
558,Annice,Salomon,21,asalomonfh@spiegel.de,Indonesia,,Budget/Accounting Analyst I,Geba,blue
559,Theodora,O'Dulchonta,85,todulchontafi@linkedin.com,Nicaragua,,Chief Design Engineer,Feedmix,red
560,Pippy,Sorensen,38,psorensenfj@google.de,United States,89160,Programmer Analyst I,Brightbean,blue
561,Velvet,Long,84,vlongfk@eventbrite.com,Macedonia,1216,Geological Engineer,Babbleopia,green
562,Avigdor,Press,36,apressfl@biglobe.ne.jp,Brazil,45360-000,Senior Editor,Minyx,red
563,Adan,Domsalla,73,adomsallafm@uiuc.edu,Brazil,78175-000,Marketing Assistant,Edgepulse,blue
564,Burg,Morrieson,19,bmorriesonfn@discuz.net,Nigeria,,Teacher,Rooxo,green
565,Annabell,Saer,85,asaerfo@bandcamp.com,Uzbekistan,,Geological Engineer,Brightbean,green
566,Neila,Jerzyk,33,njerzykfp@mail.ru,Philippines,5702,Associate Professor,Jabberbean,red
567,Philly,Dobrowolny,44,pdobrowolnyfq@baidu.com,France,34940 CEDEX 9,Account Coordinator,Kare,blue
568,Broddie,O'Rudden,33,boruddenfr@yelp.com,Indonesia,,Human Resources Manager,Quinu,green
569,Tiertza,Calam,48,tcalamfs@bluehost.com,Indonesia,,Quality Control Specialist,Yodo,green
570,Amargo,Saddleton,84,asaddletonft@unesco.org,Indonesia,,Analyst Programmer,Skajo,red
571,Nicoli,O'Deoran,24,nodeoranfu@virginia.edu,Sweden,553 02,Compensation Analyst,Vinder,red
572,Mariellen,Spera,60,msperafv@mozilla.com,Nicaragua,,Marketing Assistant,Brainverse,blue
573,Lane,Zuenelli,69,lzuenellifw@blogger.com,Poland,84-120,Analog Circuit Design manager,Edgewire,green
574,Papagena,Shrive,58,pshrivefx@buzzfeed.com,China,,Administrative Officer,Skajo,red
575,Petrina,Colson,64,pcolsonfy@economist.com,Thailand,63110,Clinical Specialist,Jetwire,blue
576,Myrna,Freed,64,mfreedfz@bloglines.com,Indonesia,,Database Administrator III,Rhynoodle,red
577,Trudi,Ovey,62,toveyg0@gnu.org,France,94129 CEDEX,Editor,Yacero,blue
578,Ciro,Mulbery,78,cmulberyg1@businessinsider.com,China,,Tax Accountant,Rhynyx,green
579,Rafi,Kensitt,57,rkensittg2@washington.edu,Croatia,47302,Professor,Kwideo,green
580,Fonzie,Wiggins,42,fwigginsg3@jimdo.com,Slovenia,2314,Design Engineer,Topicware,red
581,Robb,Kaye,57,rkayeg4@npr.org,Nigeria,,Desktop Support Technician,Shufflester,green
582,Maggi,Bohills,57,mbohillsg5@infoseek.co.jp,Russia,668162,Mechanical Systems Engineer,Skyba,red
583,Gaspard,Gress,74,ggressg6@loc.gov,Myanmar,,Editor,Oyonder,red
584,Elvira,Dinsmore,26,edinsmoreg7@omniture.com,Indonesia,,Project Manager,Meemm,green
585,Tremaine,Zannutti,63,tzannuttig8@nasa.gov,Honduras,,Systems Administrator II,Skimia,red
586,Abby,Fruen,50,afrueng9@fotki.com,Serbia,,Quality Engineer,Innojam,green
587,Alvera,Bugler,67,abuglerga@phpbb.com,Macedonia,1041,Teacher,Oodoo,blue
588,Zitella,Gulleford,43,zgullefordgb@tiny.cc,France,29688 CEDEX,Civil Engineer,Edgepulse,green
589,Joshia,Juhruke,77,jjuhrukegc@sfgate.com,China,,Programmer Analyst IV,Quinu,green
590,Stillmann,Book,22,sbookgd@hubpages.com,Poland,26-225,Senior Sales Associate,Skipfire,blue
591,Sofie,Trubshawe,62,strubshawege@netvibes.com,Indonesia,,Product Engineer,Meezzy,red
592,Dasha,Hallor,78,dhallorgf@godaddy.com,Egypt,,Electrical Engineer,Jetwire,green
593,Van,Scorah,49,vscorahgg@canalblog.com,China,,Administrative Assistant III,Skajo,red
594,Henrie,Bwye,31,hbwyegh@angelfire.com,Ukraine,,Administrative Officer,Flipbug,blue
595,Aguie,Filippozzi,72,afilippozzigi@utexas.edu,Morocco,,Human Resources Assistant II,Shuffletag,red
596,Sephira,Clink,55,sclinkgj@cnn.com,Costa Rica,60201,Statistician II,Gigashots,red
597,Job,Cruxton,20,jcruxtongk@nasa.gov,Poland,72-210,Accounting Assistant I,Edgetag,green
598,Steward,Lapham,67,slaphamgl@wikispaces.com,Mexico,71122,Research Nurse,Livetube,green
599,Alanah,Pipes,55,apipesgm@reference.com,United States,56944,Food Chemist,Layo,blue
600,Lemmy,Machel,64,lmachelgn@myspace.com,Pakistan,50781,Help Desk Technician,Jaxbean,blue
601,Jennie,Gowen,84,jgowengo@g.co,Russia,142461,Senior Cost Accountant,Eadel,green
602,Natty,Kramer,41,nkramergp@ocn.ne.jp,Russia,663800,Analog Circuit Design manager,Youspan,green
603,Elayne,Seabrooke,49,eseabrookegq@nature.com,Brazil,36280-000,Professor,Demimbu,red
604,Alexia,Semorad,72,asemoradgr@weebly.com,Czech Republic,763 62,VP Sales,Katz,green
605,Charley,Rohloff,35,crohloffgs@sbwire.com,Brazil,18800-000,VP Sales,Realbridge,red
606,Clarance,Sisnett,22,csisnettgt@techcrunch.com,South Korea,,Physical Therapy Assistant,Thoughtstorm,green
607,Page,Kryska,29,pkryskagu@independent.co.uk,Tanzania,,Computer Systems Analyst III,Browsezoom,green
608,Barnaby,Krauze,77,bkrauzegv@t.co,China,,Account Executive,Thoughtmix,green
609,Joana,Burchatt,26,jburchattgw@paginegialle.it,Peru,,Teacher,Tazz,red
610,Blondie,Foxall,48,bfoxallgx@hc360.com,China,,Cost Accountant,Rhynoodle,blue
611,Alta,Alexis,21,aalexisgy@tripadvisor.com,China,,Business Systems Development Analyst,Youbridge,red
612,Salim,Wollacott,34,swollacottgz@mlb.com,China,,Recruiting Manager,Oozz,blue
613,Shelagh,McEnhill,76,smcenhillh0@wordpress.com,Sweden,701 81,Technical Writer,Jetwire,green
614,Roseline,Lebarree,30,rlebarreeh1@gov.uk,Poland,58-310,Accounting Assistant III,Jayo,blue
615,Carolus,Tock,83,ctockh2@simplemachines.org,France,67975 CEDEX 9,Professor,Linkbridge,green
616,Vinni,Bergstrand,32,vbergstrandh3@ebay.com,Macedonia,2423,Software Consultant,Meevee,blue
617,Max,Rawlins,26,mrawlinsh4@boston.com,Portugal,2830-152,Design Engineer,Wordtune,green
618,Esra,Housecraft,30,ehousecrafth5@imageshack.us,Mozambique,,Marketing Manager,Flashspan,red
619,Elyse,Colaton,71,ecolatonh6@google.com.br,Indonesia,,Software Consultant,Pixonyx,green
620,Audrye,Rennock,47,arennockh7@mediafire.com,Indonesia,,Desktop Support Technician,Shuffletag,blue
621,Cedric,Greenough,44,cgreenoughh8@java.com,Spain,27294,Internal Auditor,Trunyx,red
622,Ashlin,Winser,73,awinserh9@usgs.gov,China,,Administrative Assistant II,Kwilith,blue
623,Shir,Wrigglesworth,37,swrigglesworthha@ebay.com,Australia,1171,Software Consultant,LiveZ,green
624,Alice,Cade,85,acadehb@printfriendly.com,France,82004 CEDEX,Executive Secretary,Jayo,green
625,Shauna,Ballantine,79,sballantinehc@cmu.edu,Mongolia,,Accountant III,Jatri,blue
626,Kim,Merriman,61,kmerrimanhd@noaa.gov,China,,Financial Analyst,LiveZ,blue
627,Penrod,Demangeot,73,pdemangeothe@mozilla.com,United States,27635,Computer Systems Analyst II,Avavee,green
628,Lorilyn,Pidwell,54,lpidwellhf@msn.com,Philippines,5616,Environmental Specialist,Zava,red
629,Nadia,McShane,80,nmcshanehg@tuttocitta.it,Russia,462401,Research Associate,Mudo,green
630,Arnaldo,Sutherel,47,asutherelhh@fc2.com,Switzerland,1209,Senior Developer,Linkbridge,green
631,Hussein,Tomanek,39,htomanekhi@soundcloud.com,China,,Account Coordinator,Feedbug,red
632,Rosabella,Kleinhaus,46,rkleinhaushj@surveymonkey.com,Sweden,973 29,Senior Developer,Realcube,blue
633,Evvie,Petracci,49,epetraccihk@etsy.com,Portugal,6270-405,Assistant Manager,Ooba,red
634,Cyrille,Bye,67,cbyehl@artisteer.com,Poland,99-307,Office Assistant IV,Linktype,blue
635,Jillie,Rozzell,76,jrozzellhm@wordpress.org,Indonesia,,Software Consultant,Yambee,green
636,Allyson,Rowan,67,arowanhn@ustream.tv,Poland,05-088,Help Desk Technician,Avavee,red
637,Clayson,Armstead,80,carmsteadho@360.cn,Indonesia,,Accountant III,Tagcat,blue
638,Way,McKelvey,49,wmckelveyhp@psu.edu,Japan,881-0033,Geologist III,Wikizz,blue
639,Fleming,Stearley,80,fstearleyhq@cpanel.net,Russia,141707,Nuclear Power Engineer,Katz,red
640,Quintilla,Nerval,51,qnervalhr@ning.com,Indonesia,,Marketing Assistant,Leexo,red
641,Rasla,Tuft,28,rtufths@npr.org,China,,Cost Accountant,Innotype,red
642,Ganny,Margarson,19,gmargarsonht@cnet.com,Indonesia,,Electrical Engineer,Rhynyx,blue
643,Vanda,Hush,37,vhushhu@japanpost.jp,Indonesia,,Geological Engineer,Plambee,blue
644,Julia,Rosthorn,62,jrosthornhv@mashable.com,Venezuela,,Junior Executive,Oozz,blue
645,Eduino,Runnicles,52,erunnicleshw@amazon.co.uk,Kazakhstan,,Speech Pathologist,Wordtune,green
646,Sauveur,Staning,80,sstaninghx@narod.ru,Argentina,4203,Community Outreach Specialist,Oyoyo,blue
647,Berty,Mollon,84,bmollonhy@latimes.com,Russia,216646,Staff Accountant I,Quaxo,green
648,Claudie,Jaray,73,cjarayhz@usnews.com,Nigeria,,Professor,Kwilith,green
649,Rasla,Treversh,70,rtrevershi0@ehow.com,United States,72199,Programmer IV,Quamba,green
650,Des,Whitlam,84,dwhitlami1@mediafire.com,China,,Account Representative II,Brainlounge,blue
651,Camille,Daniellot,51,cdanielloti2@youtube.com,Costa Rica,10801,Dental Hygienist,Wikizz,green
652,Hanna,Mattholie,42,hmattholiei3@npr.org,China,,Chief Design Engineer,Pixope,green
653,Niels,Pray,70,nprayi4@vk.com,Brazil,96400-000,Senior Quality Engineer,Blogspan,green
654,Teresina,Bearne,84,tbearnei5@livejournal.com,United Kingdom,PH43,Software Test Engineer II,Browseblab,red
655,Arlie,Sidney,42,asidneyi6@eepurl.com,France,29102 CEDEX,Web Developer III,Oyoba,green
656,Lynette,Permain,49,lpermaini7@digg.com,China,,VP Accounting,Muxo,blue
657,Don,Leasor,24,dleasori8@ow.ly,Greece,,Software Test Engineer I,Jaloo,green
658,Yehudit,Robard,24,yrobardi9@geocities.jp,China,,Sales Representative,Wordify,blue
659,Fabe,Wythe,24,fwytheia@wikispaces.com,China,,Programmer Analyst IV,Abata,red
660,Jarret,McKee,19,jmckeeib@tripod.com,Colombia,52818,Budget/Accounting Analyst I,Blogspan,blue
661,Helena,Hunter,65,hhunteric@reference.com,Sweden,566 24,Database Administrator I,Blogtags,blue
662,Bobbette,Sargint,55,bsargintid@huffingtonpost.com,Argentina,4655,Senior Cost Accountant,Chatterbridge,red
663,Goraud,Wodeland,39,gwodelandie@webnode.com,Russia,307450,Nurse,Zooveo,green
664,Weider,Bovaird,71,wbovairdif@sciencedirect.com,Paraguay,,Statistician III,Mycat,green
665,Josefina,Fellini,55,jfelliniig@photobucket.com,Peru,,Product Engineer,Shufflester,red
666,Dione,Lawler,20,dlawlerih@time.com,Thailand,55170,Developer IV,Podcat,blue
667,Tarah,Lankester,35,tlankesterii@blinklist.com,China,,Account Coordinator,Twitternation,red
668,Pebrook,Cleator,31,pcleatorij@blog.com,Belarus,,Chemical Engineer,Ozu,red
669,Corrina,Capewell,56,ccapewellik@cornell.edu,Sweden,831 17,Operator,Lajo,red
670,Hashim,Alden,81,haldenil@uiuc.edu,Indonesia,,Teacher,Buzzdog,red
671,Malynda,Narrie,37,mnarrieim@edublogs.org,Honduras,,Developer IV,Edgewire,blue
672,Rustie,Searjeant,75,rsearjeantin@msn.com,China,,Sales Representative,Youspan,blue
673,Charmane,Mulvy,75,cmulvyio@phpbb.com,Thailand,67140,Marketing Manager,Photospace,red
674,Clem,McVrone,72,cmcvroneip@hatena.ne.jp,Russia,422826,Associate Professor,Jetwire,green
675,Jocko,Core,28,jcoreiq@twitter.com,Japan,504-0968,Human Resources Assistant I,Yacero,red
676,Kamila,Spens,61,kspensir@hc360.com,Indonesia,,Staff Accountant II,Topiczoom,red
677,Cristobal,Raddenbury,29,craddenburyis@indiegogo.com,Lebanon,,Dental Hygienist,Dablist,blue
678,Odella,Castelyn,73,ocastelynit@dagondesign.com,Indonesia,,Recruiting Manager,Eayo,blue
679,Kahaleel,Covert,71,kcovertiu@comcast.net,Russia,141707,Health Coach IV,Ntags,green
680,Worthy,Osinin,40,wosininiv@bizjournals.com,China,,Chemical Engineer,Linkbridge,blue
681,Nariko,Cramond,31,ncramondiw@paginegialle.it,Cambodia,,Office Assistant I,Meembee,blue
682,Gabie,Tomich,31,gtomichix@typepad.com,Japan,379-2306,VP Product Management,Trilith,green
683,Alexio,Heball,19,aheballiy@acquirethisname.com,Argentina,6100,Accountant III,Eidel,green
684,Staffard,Wichard,71,swichardiz@thetimes.co.uk,France,44356 CEDEX,Financial Analyst,Bubblemix,red
685,Conrade,Siemantel,26,csiemantelj0@miitbeian.gov.cn,Indonesia,,Account Coordinator,Realbuzz,green
686,Bruis,Mucklow,71,bmucklowj1@redcross.org,China,,Occupational Therapist,Quinu,red
687,Blinny,Lagde,67,blagdej2@google.com.br,Canada,B0L,Chemical Engineer,Tazz,blue
688,Elita,Olrenshaw,74,eolrenshawj3@ebay.com,United States,66622,Operator,Zoovu,blue
689,Jacinta,Bridgnell,53,jbridgnellj4@google.ca,Croatia,31403,Occupational Therapist,Realmix,green
690,Dwight,Bote,69,dbotej5@example.com,Cayman Islands,,Software Test Engineer III,Roomm,blue
691,Rodrigo,Harcus,31,rharcusj6@last.fm,Syria,,Human Resources Assistant I,Browsedrive,green
692,Sterling,Paschek,69,spaschekj7@go.com,Russia,352720,Staff Scientist,Meevee,green
693,Innis,Wreiford,24,iwreifordj8@amazon.de,Russia,186915,Account Coordinator,Topicshots,red
694,Gilles,Foxton,65,gfoxtonj9@apache.org,Brazil,83500-000,Senior Editor,Ntags,blue
695,Dev,Knottley,28,dknottleyja@mayoclinic.com,Argentina,3180,Marketing Manager,Bluezoom,red
696,Warren,Hoyt,23,whoytjb@barnesandnoble.com,Indonesia,,Geologist IV,Buzzdog,green
697,Venus,Gerlack,36,vgerlackjc@posterous.com,Philippines,2701,Registered Nurse,Shuffletag,red
698,Mahmud,Drake,45,mdrakejd@indiatimes.com,China,,Pharmacist,Wordtune,blue
699,Donny,Cattle,57,dcattleje@typepad.com,China,,Database Administrator IV,Livepath,green
700,Gwyn,Gerding,82,ggerdingjf@lulu.com,Kenya,,Project Manager,Quaxo,blue
701,Jarrid,Morman,43,jmormanjg@hao123.com,Philippines,3131,Clinical Specialist,Dynazzy,green
702,Dominik,Yurocjkin,69,dyurocjkinjh@guardian.co.uk,Canada,J0S,Web Designer III,Flipstorm,blue
703,Camille,Le Houx,46,clehouxji@cam.ac.uk,Poland,84-217,Senior Developer,Mynte,green
704,Amery,Blackbrough,63,ablackbroughjj@ow.ly,Sweden,461 91,Senior Financial Analyst,Devify,green
705,Coral,Mahaddy,63,cmahaddyjk@hao123.com,Portugal,2950-137,VP Sales,Voonix,red
706,Lyman,Borthram,84,lborthramjl@plala.or.jp,Georgia,,GIS Technical Architect,Aimbo,blue
707,Maudie,Pesek,26,mpesekjm@goo.ne.jp,Brazil,17280-000,Environmental Tech,Browsecat,blue
708,Luce,Monger,61,lmongerjn@xrea.com,France,37016 CEDEX 1,Programmer Analyst II,Voonix,blue
709,Mayor,Aers,27,maersjo@hc360.com,Indonesia,,Software Engineer III,Myworks,blue
710,Dov,Bonanno,39,dbonannojp@smugmug.com,China,,Nurse Practicioner,Agimba,blue
711,Karyn,Tawn,31,ktawnjq@4shared.com,Philippines,6311,Legal Assistant,Mymm,blue
712,Kamila,Neve,20,knevejr@github.com,Russia,422102,Office Assistant III,Midel,red
713,Fionna,Stanley,73,fstanleyjs@imageshack.us,Brazil,64150-000,Legal Assistant,Kwimbee,red
714,Marijn,Maillard,68,mmaillardjt@mac.com,Russia,309000,Electrical Engineer,Ailane,green
715,Nigel,Kiley,36,nkileyju@trellian.com,Pakistan,81300,Marketing Assistant,Twimm,red
716,Harlen,Abells,63,habellsjv@4shared.com,Indonesia,,Assistant Media Planner,Devpoint,red
717,Correy,Tetther,49,ctettherjw@geocities.com,Czech Republic,503 27,Software Test Engineer III,Eayo,green
718,Mireille,Roeby,36,mroebyjx@mit.edu,Philippines,7106,Clinical Specialist,Meembee,blue
719,Matthus,Bachura,73,mbachurajy@wikia.com,Zimbabwe,,Assistant Manager,Skibox,blue
720,Sonya,Rumsby,25,srumsbyjz@elpais.com,China,,Occupational Therapist,Photolist,red
721,Dyna,Rugiero,18,drugierok0@cargocollective.com,Greece,,Actuary,Realmix,green
722,Lisette,Fairrie,54,lfairriek1@noaa.gov,Peru,,Nuclear Power Engineer,Omba,green
723,Leona,Dewfall,75,ldewfallk2@stanford.edu,China,,Safety Technician III,Babbleblab,red
724,Sydel,Halworth,30,shalworthk3@ft.com,China,,Senior Cost Accountant,Talane,blue
725,Anderea,Hutcheons,83,ahutcheonsk4@va.gov,Saint Kitts and Nevis,,Accounting Assistant II,Twiyo,green
726,Kerk,Strank,39,kstrankk5@sina.com.cn,Poland,43-245,Sales Representative,Abata,green
727,Nicola,Stiggles,78,nstigglesk6@slashdot.org,France,75879 CEDEX 18,Web Designer III,Browsetype,green
728,Gayelord,Cornu,40,gcornuk7@miitbeian.gov.cn,Sweden,751 82,Web Designer I,Zazio,green
729,Neda,Dorrity,69,ndorrityk8@e-recht24.de,France,72091 CEDEX 9,Web Developer I,Dynabox,blue
730,My,Dinsmore,32,mdinsmorek9@scribd.com,China,,Assistant Professor,Roombo,blue
731,Ailene,Di Pietro,74,adipietroka@booking.com,Syria,,Analog Circuit Design manager,Izio,red
732,Latisha,Deerness,35,ldeernesskb@ed.gov,Finland,55910,Research Assistant I,Quamba,blue
733,Danni,Caldera,46,dcalderakc@mac.com,China,,Sales Associate,Tazz,blue
734,Gregory,Stealey,24,gstealeykd@tinyurl.com,China,,Product Engineer,Linkbridge,red
735,Aigneis,Demann,62,ademannke@dedecms.com,Mexico,61663,Computer Systems Analyst III,Agivu,blue
736,Lotty,Cawston,83,lcawstonkf@noaa.gov,North Korea,,Account Coordinator,Npath,green
737,Gnni,Augustin,46,gaugustinkg@ebay.com,France,75390 CEDEX 08,Staff Scientist,Linklinks,blue
738,Kalinda,Hansie,71,khansiekh@hatena.ne.jp,China,,Geological Engineer,Kazio,red
739,Claudian,Bovey,59,cboveyki@nih.gov,Albania,,Occupational Therapist,Camimbo,blue
740,Barbra,Ilieve,64,bilievekj@discovery.com,China,,Help Desk Operator,Flipopia,red
741,Blane,Laurent,76,blaurentkk@wunderground.com,Philippines,5014,Clinical Specialist,Gigabox,green
742,Jule,Whinray,80,jwhinraykl@ebay.com,Poland,08-420,Research Nurse,Gabspot,green
743,Osborn,Popham,43,opophamkm@wix.com,Iraq,,Food Chemist,Photobug,green
744,Ellyn,Bulloch,72,ebullochkn@qq.com,Bangladesh,4302,Executive Secretary,Zoonoodle,red
745,Antonella,Toderi,70,atoderiko@de.vu,Indonesia,,Senior Developer,Twinte,blue
746,Griffin,McGiffin,62,gmcgiffinkp@free.fr,Poland,07-215,Research Nurse,Riffpath,green
747,Myer,Oswald,51,moswaldkq@hao123.com,Japan,952-1203,Health Coach I,Camido,blue
748,Terra,Glasheen,35,tglasheenkr@phpbb.com,Russia,173526,Assistant Professor,Kwideo,blue
749,Annalee,Barends,35,abarendsks@canalblog.com,Thailand,86220,Environmental Tech,Bluejam,red
750,Yves,Marr,61,ymarrkt@netlog.com,Brazil,12600-000,Community Outreach Specialist,Eazzy,blue
751,Hanni,Marchington,55,hmarchingtonku@about.me,Czech Republic,383 01,Technical Writer,Abata,red
752,Kele,Dietzler,62,kdietzlerkv@e-recht24.de,Philippines,4212,Chemical Engineer,Myworks,green
753,Almeda,Doyley,21,adoyleykw@columbia.edu,United States,90045,Chemical Engineer,Edgeify,green
754,Chere,Teese,42,cteesekx@google.ru,Philippines,3201,Geological Engineer,Cogibox,green
755,Adelle,Shinfield,64,ashinfieldky@bbb.org,Argentina,3162,Health Coach II,Voomm,blue
756,Saxon,Standrin,74,sstandrinkz@photobucket.com,Dominican Republic,11705,Internal Auditor,Quinu,blue
757,Hart,Paffot,63,hpaffotl0@patch.com,China,,Structural Analysis Engineer,Vinte,green
758,Luelle,Mepham,48,lmephaml1@thetimes.co.uk,Indonesia,,Librarian,Oyondu,green
759,Giana,Matterson,83,gmattersonl2@nymag.com,France,34513 CEDEX,Recruiter,Wordtune,green
760,Bron,Pinfold,23,bpinfoldl3@purevolume.com,Philippines,4224,Human Resources Assistant III,Kaymbo,green
761,Marleen,Strewthers,76,mstrewthersl4@shinystat.com,Haiti,,VP Sales,Wikivu,green
762,Temple,Ollerhead,25,tollerheadl5@zimbio.com,China,,Software Consultant,Fliptune,blue
763,Seana,Catling,69,scatlingl6@walmart.com,Czech Republic,273 01,Speech Pathologist,Oba,red
764,Bartholomeus,O'Regan,80,boreganl7@amazon.co.jp,Sweden,121 12,Payment Adjustment Coordinator,Shufflester,green
765,Agnesse,Brady,22,abradyl8@cdc.gov,Indonesia,,Design Engineer,Avamm,green
766,Freeland,Kennifick,29,fkennifickl9@blinklist.com,France,94852 CEDEX,Marketing Manager,Skipfire,green
767,Ashia,Martina,72,amartinala@ezinearticles.com,China,,Actuary,Roodel,blue
768,Kore,Ipwell,57,kipwelllb@weather.com,Russia,683960,Payment Adjustment Coordinator,Meevee,blue
769,Janaye,Abele,80,jabelelc@state.tx.us,China,,Staff Accountant I,Browsedrive,green
770,Peg,Weall,67,pweallld@google.com.au,China,,Computer Systems Analyst II,Linklinks,red
771,Elden,Mayling,69,emaylingle@ucoz.com,China,,Speech Pathologist,Ntag,red
772,Fancie,Treanor,49,ftreanorlf@sfgate.com,Burkina Faso,,Chemical Engineer,Twitterlist,green
773,Carmelle,Tinner,45,ctinnerlg@nsw.gov.au,China,,Quality Control Specialist,Roomm,red
774,Tera,MacPeake,78,tmacpeakelh@irs.gov,Mexico,87090,Community Outreach Specialist,Edgeclub,red
775,Ginnie,Deane,48,gdeaneli@cdc.gov,Brazil,13290-000,Pharmacist,Twitterworks,green
776,Klara,Higounet,20,khigounetlj@arizona.edu,Syria,,Accountant I,Shuffletag,green
777,Nona,Trounce,24,ntrouncelk@latimes.com,China,,Financial Advisor,Thoughtworks,blue
778,Domenico,Wolfart,40,dwolfartll@mozilla.org,Uzbekistan,,Data Coordinator,Blognation,blue
779,Prescott,Sieghard,29,psieghardlm@mac.com,Philippines,6809,Legal Assistant,Wikizz,green
780,Guthrey,Rodda,26,groddaln@uol.com.br,Indonesia,,Quality Engineer,Blogtag,blue
781,Oriana,Kohlerman,76,okohlermanlo@jiathis.com,Tanzania,,Sales Associate,Roomm,green
782,Karlotte,Middas,31,kmiddaslp@fc2.com,Colombia,111711,Account Executive,Wordpedia,green
783,Pauli,Busk,22,pbusklq@webmd.com,Indonesia,,Civil Engineer,Photofeed,blue
784,Britney,Lightbourn,43,blightbournlr@ow.ly,Ukraine,,Safety Technician III,Eimbee,red
785,Violante,Kopta,41,vkoptals@mit.edu,Poland,66-302,VP Quality Control,Edgeblab,blue
786,Iolande,Hamlen,49,ihamlenlt@sciencedaily.com,Philippines,5024,Director of Sales,Yodo,blue
787,Ruddie,Parkisson,71,rparkissonlu@smh.com.au,Philippines,5516,Operator,Photospace,blue
788,Evangelin,Yokel,38,eyokellv@sphinn.com,Poland,74-407,Administrative Officer,Dabfeed,blue
789,Franny,Merdew,55,fmerdewlw@feedburner.com,Russia,662970,Librarian,Divape,blue
790,Nanny,Yegorov,59,nyegorovlx@miibeian.gov.cn,Indonesia,,Environmental Tech,Abatz,red
791,Raimondo,Kingscote,71,rkingscotely@unblog.fr,Russia,677903,Human Resources Assistant III,Centidel,green
792,Fred,Bartos,31,fbartoslz@oaic.gov.au,Japan,370-0535,Registered Nurse,Dynabox,green
793,Jamaal,Fernihough,40,jfernihoughm0@qq.com,Russia,141662,Marketing Assistant,Skidoo,green
794,Lauretta,Bilston,38,lbilstonm1@ning.com,China,,Teacher,Jaloo,blue
795,Baldwin,Whitebread,73,bwhitebreadm2@miitbeian.gov.cn,Thailand,76130,Data Coordinator,Youtags,blue
796,Lisette,Pyffe,57,lpyffem3@icq.com,Indonesia,,Structural Engineer,Pixoboo,green
797,Josephina,Stud,57,jstudm4@fc2.com,Sweden,168 32,Senior Cost Accountant,Photolist,red
798,Hally,Broadbear,67,hbroadbearm5@msu.edu,Uzbekistan,,VP Accounting,Thoughtstorm,blue
799,Sherill,Mant,23,smantm6@123-reg.co.uk,Greece,,Programmer II,Kaymbo,red
800,Caralie,Congram,60,ccongramm7@google.ru,Kosovo,,VP Quality Control,Agimba,green
801,Petronia,Fynn,28,pfynnm8@google.de,Iran,,Junior Executive,Skinix,blue
802,Farah,Houseman,36,fhousemanm9@merriam-webster.com,Philippines,8011,Senior Quality Engineer,Twinder,green
803,Udale,Tottle,28,utottlema@cam.ac.uk,China,,Research Assistant III,Realbuzz,red
804,Mellie,Neale,39,mnealemb@springer.com,China,,Media Manager IV,Dabtype,red
805,Claybourne,Amner,52,camnermc@bravesites.com,China,,Teacher,Demizz,red
806,Kane,Learoid,60,klearoidmd@yellowbook.com,Brazil,62380-000,Sales Associate,Katz,green
807,Bartholemy,Brookton,56,bbrooktonme@xinhuanet.com,Brazil,95300-000,Civil Engineer,Linkbuzz,green
808,Giffard,Larwood,42,glarwoodmf@yandex.ru,China,,VP Marketing,Eadel,blue
809,Alexio,Schaffler,50,aschafflermg@vimeo.com,Philippines,8506,Nurse,Reallinks,green
810,Gottfried,Gheorghie,20,ggheorghiemh@deliciousdays.com,China,,Systems Administrator IV,Blogspan,blue
811,Faina,Pargiter,69,fpargitermi@bloglovin.com,China,,Mechanical Systems Engineer,Topicstorm,red
812,Zerk,Wessing,61,zwessingmj@discuz.net,Bolivia,,Executive Secretary,Wordpedia,red
813,Dermot,Shemmans,67,dshemmansmk@microsoft.com,Iran,,Social Worker,Dablist,red
814,Sampson,Janzen,42,sjanzenml@examiner.com,Russia,352555,Operator,Gigashots,green
815,Marijn,Deyes,46,mdeyesmm@ibm.com,China,,Account Representative II,Jetpulse,blue
816,Biron,Godden,45,bgoddenmn@feedburner.com,China,,Senior Editor,Muxo,red
817,Orran,MacGarvey,75,omacgarveymo@gnu.org,Indonesia,,Junior Executive,Riffpedia,blue
818,Germain,Millberg,22,gmillbergmp@abc.net.au,Indonesia,,Health Coach III,Twimm,red
819,Sandie,Crosdill,18,scrosdillmq@buzzfeed.com,Macedonia,6259,Quality Control Specialist,Twinder,red
820,Boigie,Norkutt,31,bnorkuttmr@cmu.edu,Sweden,451 19,Software Consultant,Meedoo,red
821,Kellina,Reame,76,kreamems@etsy.com,United States,78278,Administrative Officer,Einti,blue
822,Conny,Vautin,35,cvautinmt@ameblo.jp,China,,Project Manager,Jabbercube,blue
823,Amble,Ridd,78,ariddmu@cnet.com,Czech Republic,387 73,Financial Analyst,Rhybox,red
824,Sophey,Salthouse,44,ssalthousemv@sakura.ne.jp,China,,Accounting Assistant IV,Wikibox,green
825,Iago,Paulillo,51,ipaulillomw@cbslocal.com,Cape Verde,,Recruiting Manager,Youfeed,blue
826,Herc,Goundsy,18,hgoundsymx@epa.gov,Macedonia,1219,Health Coach II,Kwilith,blue
827,Dode,Alenshev,55,dalenshevmy@shop-pro.jp,Philippines,5606,Developer III,Mynte,blue
828,Dorey,Krauze,83,dkrauzemz@patch.com,France,76011 CEDEX,Pharmacist,Flashset,green
829,Carie,Couve,68,ccouven0@cocolog-nifty.com,Poland,37-232,Software Engineer IV,Lazzy,red
830,Dominica,Faunt,35,dfauntn1@oakley.com,Portugal,4595-414,Recruiter,Demimbu,green
831,Lynett,Bucknall,64,lbucknalln2@statcounter.com,China,,Teacher,Roodel,blue
832,Sofia,Marti,23,smartin3@chicagotribune.com,Philippines,3332,Research Nurse,Tavu,green
833,Salomone,Gilardone,20,sgilardonen4@naver.com,Netherlands,3004,Web Designer IV,Twitterwire,blue
834,Berri,McLenaghan,82,bmclenaghann5@earthlink.net,Russia,641960,Software Test Engineer II,Jaxspan,red
835,Connor,Lampert,52,clampertn6@craigslist.org,Indonesia,,Electrical Engineer,Tagchat,green
836,Ignacio,Neubigin,28,ineubiginn7@nymag.com,Kenya,,VP Product Management,Yodo,red
837,Justin,McBay,33,jmcbayn8@webs.com,New Zealand,3297,Assistant Professor,Eidel,red
838,Marta,Currier,24,mcurriern9@google.cn,Indonesia,,Automation Specialist II,Riffpath,green
839,Cinnamon,Glaister,20,cglaisterna@gov.uk,Philippines,4507,Research Associate,Pixoboo,red
840,Rriocard,Gilpin,56,rgilpinnb@ehow.com,Nicaragua,,Technical Writer,Fatz,green
841,Dominga,Danslow,58,ddanslownc@g.co,Brazil,13270-000,Associate Professor,Topdrive,green
842,Mandi,McGrey,81,mmcgreynd@wordpress.com,Russia,397440,Senior Developer,Quatz,blue
843,Cully,Donnison,74,cdonnisonne@umich.edu,Malta,SLM,Physical Therapy Assistant,Innojam,green
844,Rowe,Antley,55,rantleynf@exblog.jp,Indonesia,,Analog Circuit Design manager,Photobug,blue
845,Dottie,Fossey,79,dfosseyng@technorati.com,United Kingdom,CH48,Nuclear Power Engineer,Kwideo,green
846,Lorettalorna,Normanton,19,lnormantonnh@i2i.jp,South Africa,6696,Sales Associate,Quinu,green
847,Effie,Lahrs,18,elahrsni@taobao.com,Zambia,,Actuary,Livefish,red
848,Averell,Behneke,39,abehnekenj@ezinearticles.com,Indonesia,,Financial Analyst,Gabtype,red
849,Gabie,Newbery,54,gnewberynk@wikispaces.com,Indonesia,,Account Executive,Vidoo,green
850,Rowe,Titta,28,rtittanl@latimes.com,Canada,J7B,Computer Systems Analyst II,Rhycero,green
851,Flo,Emmott,58,femmottnm@google.nl,Ukraine,,Assistant Manager,Photojam,green
852,Renie,Wharfe,39,rwharfenn@state.tx.us,Philippines,9500,Account Representative III,Voomm,blue
853,Ruby,Nattrass,27,rnattrassno@howstuffworks.com,Philippines,1930,Librarian,Trilia,green
854,Hasty,Pidgin,78,hpidginnp@who.int,Estonia,,Research Associate,Skidoo,blue
855,Beltran,Corkhill,72,bcorkhillnq@indiatimes.com,Portugal,4930-345,Junior Executive,Yabox,red
856,Madeleine,Lints,68,mlintsnr@npr.org,Colombia,731048,Systems Administrator III,Brainverse,blue
857,Farrell,Beldam,28,fbeldamns@flickr.com,Russia,618383,Geologist IV,Rhynoodle,blue
858,Gretal,Pheasant,73,gpheasantnt@bloglines.com,United States,25326,Assistant Manager,Thoughtworks,red
859,Isis,Cranage,80,icranagenu@umn.edu,Malaysia,57990,Web Developer II,Avamm,red
860,Dorian,Farmloe,51,dfarmloenv@ucoz.com,China,,Office Assistant IV,Agivu,blue
861,Dirk,Errowe,62,derrowenw@huffingtonpost.com,Pakistan,47001,Teacher,Devcast,green
862,Minnnie,Rennebach,54,mrennebachnx@freewebs.com,Sweden,182 74,Product Engineer,Katz,green
863,Danyette,Verralls,19,dverrallsny@tiny.cc,France,29563 CEDEX 9,Systems Administrator I,Flipstorm,red
864,Zacharia,Dumini,30,zdumininz@msu.edu,Panama,,Clinical Specialist,Tekfly,blue
865,Rad,Di Ruggero,81,rdiruggeroo0@gnu.org,Albania,,VP Product Management,Eire,red
866,Rodrick,Ferenc,46,rferenco1@google.co.uk,United States,20078,Computer Systems Analyst I,Shuffledrive,green
867,Bone,Pordal,75,bpordalo2@de.vu,Tanzania,,Software Test Engineer III,Photofeed,green
868,Marcille,Schimonek,52,mschimoneko3@goo.ne.jp,Macedonia,1219,Media Manager III,Innotype,green
869,Tersina,Girt,42,tgirto4@pbs.org,Cambodia,,Marketing Assistant,Tagtune,green
870,Jeniece,Schettini,76,jschettinio5@ebay.com,Costa Rica,70501,Programmer Analyst IV,Tagtune,green
871,Marie-jeanne,Lapthorn,33,mlapthorno6@pagesperso-orange.fr,Germany,40591,Senior Sales Associate,Twiyo,green
872,Elysee,Cooksey,48,ecookseyo7@xinhuanet.com,Ethiopia,,Nurse Practicioner,Rhycero,blue
873,Forester,Melross,71,fmelrosso8@csmonitor.com,Indonesia,,Computer Systems Analyst III,Roomm,green
874,Elene,De Fraine,41,edefraineo9@tumblr.com,Indonesia,,Librarian,Meembee,red
875,Adelaida,Ondrak,25,aondrakoa@bluehost.com,France,58028 CEDEX,Tax Accountant,Brainverse,green
876,Kenny,Kevis,79,kkevisob@linkedin.com,Ecuador,,Systems Administrator III,Jamia,blue
877,Dorotea,Anderer,55,dandereroc@ted.com,Iran,,Senior Developer,Omba,green
878,Shaina,Wanley,40,swanleyod@sourceforge.net,Papua New Guinea,,Staff Scientist,Meezzy,green
879,Berkly,Cockson,57,bcocksonoe@icio.us,China,,Computer Systems Analyst IV,Tekfly,blue
880,Maria,Blindt,85,mblindtof@ebay.co.uk,Brazil,68620-000,Media Manager II,Twinder,green
881,Barnaby,Pringour,77,bpringourog@discuz.net,China,,Media Manager III,Youspan,green
882,Aubrette,Fone,43,afoneoh@dot.gov,Azerbaijan,,Statistician IV,Ozu,green
883,Noami,Massimi,84,nmassimioi@weibo.com,Indonesia,,Payment Adjustment Coordinator,Youtags,green
884,Kelbee,Leebetter,34,kleebetteroj@prlog.org,Brazil,13320-000,Safety Technician III,Youspan,green
885,Donall,Partener,26,dpartenerok@illinois.edu,Afghanistan,,Human Resources Assistant IV,Tagcat,green
886,Elston,Prevost,60,eprevostol@chicagotribune.com,Kenya,,Physical Therapy Assistant,Eimbee,green
887,Kris,Fiddyment,18,kfiddymentom@youtube.com,Indonesia,,VP Marketing,Youopia,green
888,Zarah,Elflain,35,zelflainon@hud.gov,Albania,,Human Resources Assistant II,Centimia,blue
889,Abram,Mugg,74,amuggoo@reference.com,Philippines,9302,General Manager,Bluezoom,blue
890,Quintina,Ounsworth,83,qounsworthop@example.com,China,,Cost Accountant,Youspan,blue
891,Nollie,Newens,35,nnewensoq@icio.us,Portugal,2855-174,Nurse Practicioner,Fadeo,blue
892,Bernhard,Matei,48,bmateior@lulu.com,Armenia,,General Manager,Oyonder,red
893,Pierson,Jeaycock,34,pjeaycockos@twitter.com,Indonesia,,Account Representative IV,Rhynoodle,green
894,Leontyne,Pitkethly,85,lpitkethlyot@businessweek.com,Poland,66-016,Assistant Professor,Zazio,green
895,Urbanus,Saldler,53,usaldlerou@cisco.com,China,,Budget/Accounting Analyst IV,Quimm,blue
896,Devonne,Skrine,79,dskrineov@live.com,Indonesia,,Staff Scientist,Demizz,red
897,Giordano,Baudasso,84,gbaudassoow@shop-pro.jp,Russia,666217,Account Representative III,Kazu,blue
898,Bunnie,Doerling,28,bdoerlingox@mozilla.com,France,94659 CEDEX 1,VP Quality Control,Blogtags,green
899,Bee,Leechman,26,bleechmanoy@networkadvertising.org,Brazil,06500-000,VP Marketing,Kare,blue
900,Terra,Merrigan,83,tmerriganoz@hibu.com,France,45911 CEDEX 9,VP Accounting,Feedmix,green
901,Wilow,Speers,50,wspeersp0@unblog.fr,China,,General Manager,Realcube,green
902,Ashley,Hegges,65,aheggesp1@paypal.com,Portugal,2540-664,Administrative Assistant II,Trunyx,green
903,Engracia,Brazur,65,ebrazurp2@cbc.ca,China,,Chief Design Engineer,Babblestorm,green
904,Gilberto,Twelve,29,gtwelvep3@a8.net,Uruguay,,Director of Sales,Kanoodle,red
905,Maddie,Ivashev,76,mivashevp4@utexas.edu,Indonesia,,Quality Engineer,Ozu,red
906,Mufi,Draper,80,mdraperp5@netscape.com,Indonesia,,Payment Adjustment Coordinator,Devpulse,green
907,Hendrika,Ewen,30,hewenp6@weibo.com,Russia,630511,Design Engineer,Twimm,blue
908,Ram,Dibdale,60,rdibdalep7@mapy.cz,Russia,601642,Marketing Assistant,Buzzshare,blue
909,Malory,Scanlon,55,mscanlonp8@squidoo.com,Macedonia,7241,Account Executive,Oozz,red
910,Shanie,Pitrelli,42,spitrellip9@stumbleupon.com,Poland,11-042,VP Sales,Yoveo,blue
911,Joshua,Stanesby,27,jstanesbypa@lycos.com,China,,Legal Assistant,Mynte,red
912,Simonne,Cutridge,52,scutridgepb@dell.com,Brazil,49290-000,Registered Nurse,Jetpulse,red
913,Vere,Whymark,77,vwhymarkpc@skyrock.com,China,,Actuary,Thoughtbeat,green
914,Freddy,Sutliff,71,fsutliffpd@china.com.cn,Yemen,,Assistant Professor,InnoZ,blue
915,Leif,Sitch,79,lsitchpe@amazon.de,United States,41905,Legal Assistant,Zoozzy,red
916,Franklin,Moody,55,fmoodypf@prlog.org,Indonesia,,Automation Specialist IV,Edgepulse,green
917,Teresina,Oakman,38,toakmanpg@homestead.com,Russia,632147,Senior Developer,Talane,red
918,Adams,Conradsen,62,aconradsenph@dedecms.com,Norway,4015,Office Assistant III,Skipstorm,green
919,Jarvis,Sowthcote,54,jsowthcotepi@hubpages.com,China,,Director of Sales,Gevee,red
920,Wald,MacCarter,28,wmaccarterpj@netvibes.com,Philippines,5020,Research Nurse,Voolith,red
921,Mandie,Troyes,36,mtroyespk@squidoo.com,Peru,,Pharmacist,Realblab,green
922,Allix,Downgate,41,adowngatepl@feedburner.com,Czech Republic,588 62,Human Resources Assistant III,Buzzster,red
923,Joanne,Briskey,53,jbriskeypm@webeden.co.uk,Brazil,69660-000,Graphic Designer,Leexo,blue
924,Aigneis,Wrought,31,awroughtpn@spotify.com,China,,Dental Hygienist,Voomm,red
925,Masha,Avery,28,maverypo@samsung.com,Russia,184389,Data Coordinator,Izio,green
926,Jeni,Kop,72,jkoppp@edublogs.org,China,,Quality Engineer,Demimbu,green
927,Sigismundo,Joincey,53,sjoinceypq@wiley.com,Portugal,4860-045,Media Manager IV,Yata,blue
928,Edgard,Gregolin,82,egregolinpr@123-reg.co.uk,Azerbaijan,,Assistant Professor,Feedmix,red
929,Kellen,Brackstone,42,kbrackstoneps@w3.org,Uruguay,,Programmer Analyst I,Tanoodle,red
930,Farica,Weadick,73,fweadickpt@amazonaws.com,Peru,,Engineer I,Tazzy,green
931,Marys,Swalough,47,mswaloughpu@hubpages.com,Bulgaria,9225,Community Outreach Specialist,Trupe,green
932,June,Stokey,57,jstokeypv@ft.com,China,,Business Systems Development Analyst,Livetube,green
933,Martie,Caroll,84,mcarollpw@furl.net,Indonesia,,Paralegal,Shufflester,blue
934,Sharline,Tirrell,54,stirrellpx@paginegialle.it,Indonesia,,Payment Adjustment Coordinator,Bluezoom,green
935,Aleda,Earry,83,aearrypy@bloglines.com,Papua New Guinea,,Teacher,Rhyzio,blue
936,Odey,Whayman,73,owhaymanpz@oakley.com,Yemen,,Mechanical Systems Engineer,Miboo,green
937,Emera,Shilladay,61,eshilladayq0@wikispaces.com,Ukraine,,Pharmacist,Jabbersphere,red
938,Nickey,Deetlof,54,ndeetlofq1@csmonitor.com,Philippines,5700,Data Coordinator,Kamba,red
939,Lorette,Blethin,34,lblethinq2@xing.com,Indonesia,,Director of Sales,Wikivu,green
940,Gerrie,Mabley,27,gmableyq3@stumbleupon.com,Croatia,10340,Administrative Officer,Fivebridge,green
941,Gerri,Casperri,84,gcasperriq4@si.edu,United States,28815,Automation Specialist IV,Shuffledrive,blue
942,Sunny,Andreev,69,sandreevq5@adobe.com,Jordan,,Statistician II,Fadeo,blue
943,Sheree,Tremaine,76,stremaineq6@blogs.com,China,,Computer Systems Analyst I,Feedspan,green
944,Rafe,Schuelcke,52,rschuelckeq7@mediafire.com,Colombia,704057,Professor,Meetz,green
945,Maitilde,Vasic,79,mvasicq8@twitter.com,Philippines,1811,Systems Administrator III,Kaymbo,blue
946,Lodovico,Hourstan,75,lhourstanq9@about.me,Fiji,,Assistant Media Planner,Skimia,blue
947,Patrice,Canceller,38,pcancellerqa@apache.org,Russia,413220,Nurse,Oyondu,red
948,Sisely,Jeandeau,28,sjeandeauqb@bloomberg.com,China,,Help Desk Operator,Twitterworks,green
949,Nita,Chatenier,26,nchatenierqc@yandex.ru,Mongolia,,Clinical Specialist,Trilith,green
950,Teodor,Vinecombe,28,tvinecombeqd@economist.com,Indonesia,,Speech Pathologist,Brainlounge,red
951,Darya,Grishin,45,dgrishinqe@360.cn,Philippines,6608,Environmental Tech,Zoomlounge,red
952,Felice,Swiffin,82,fswiffinqf@virginia.edu,China,,Payment Adjustment Coordinator,JumpXS,blue
953,Dominga,Sheilds,51,dsheildsqg@quantcast.com,Mongolia,,Recruiting Manager,Browseblab,blue
954,Neils,Tarry,20,ntarryqh@ehow.com,Japan,916-0013,Administrative Assistant I,Rhycero,green
955,Hillard,Jesson,67,hjessonqi@toplist.cz,Mexico,61650,Marketing Manager,Abata,blue
956,Sheppard,Buckle,59,sbuckleqj@imdb.com,Iran,,Staff Accountant II,Skalith,blue
957,Felice,Mettericke,23,fmetterickeqk@example.com,Macedonia,1234,Tax Accountant,Yoveo,green
958,Barnabas,Lardnar,76,blardnarql@dyndns.org,Germany,79114,Programmer IV,Oyondu,green
959,Brinn,Boon,25,bboonqm@japanpost.jp,Poland,97-312,Database Administrator II,Rhynoodle,green
960,Luca,Carlucci,18,lcarlucciqn@booking.com,Indonesia,,Database Administrator IV,Kimia,green
961,Genevra,Battyll,51,gbattyllqo@geocities.com,China,,Librarian,Gabtype,green
962,Marv,Brou,19,mbrouqp@blogs.com,Portugal,3040-555,Analyst Programmer,Tanoodle,green
963,Coretta,Harrismith,48,charrismithqq@pcworld.com,Russia,460536,Budget/Accounting Analyst I,Gabspot,red
964,Jean,Harkness,23,jharknessqr@who.int,China,,Marketing Assistant,Izio,red
965,Worthy,Bleythin,31,wbleythinqs@cbc.ca,China,,Administrative Officer,Wordpedia,red
966,Laney,Willcock,31,lwillcockqt@yahoo.co.jp,Israel,,Financial Advisor,Skippad,blue
967,Jill,Kuhnke,36,jkuhnkequ@loc.gov,Indonesia,,Operator,Linktype,blue
968,Wallis,Conn,20,wconnqv@amazonaws.com,Greece,,Account Executive,Shuffledrive,green
969,Aleta,Hannibal,47,ahannibalqw@hubpages.com,Portugal,4640-221,Teacher,Dynabox,green
970,Mattie,Staddon,27,mstaddonqx@mlb.com,China,,Marketing Assistant,Leenti,green
971,Sauncho,Jakeman,83,sjakemanqy@de.vu,France,03017 CEDEX,Web Designer I,Divanoodle,blue
972,Giraud,Paulich,37,gpaulichqz@jigsy.com,Poland,56-210,Assistant Manager,Skimia,green
973,Christos,Capoun,28,ccapounr0@amazonaws.com,Czech Republic,772 00,Nuclear Power Engineer,Layo,green
974,Livia,Revely,24,lrevelyr1@cdbaby.com,Finland,93401,Human Resources Manager,Skinix,red
975,Reinwald,Gillfillan,67,rgillfillanr2@github.com,Libya,,VP Sales,Eamia,blue
976,Harlin,Castellini,72,hcastellinir3@paypal.com,North Korea,,Librarian,Skynoodle,green
977,Alvan,Janjusevic,18,ajanjusevicr4@google.nl,Ecuador,,Food Chemist,Yakidoo,red
978,Emmie,Defries,59,edefriesr5@vkontakte.ru,Brazil,89300-000,Librarian,Skinte,green
979,Ermanno,Rocks,36,erocksr6@illinois.edu,Kyrgyzstan,,Account Executive,Topicblab,blue
980,Rebe,Lasham,80,rlashamr7@webs.com,Indonesia,,Computer Systems Analyst II,Yadel,blue
981,Celisse,Treasure,82,ctreasurer8@cdc.gov,Israel,,GIS Technical Architect,Mybuzz,green
982,Celeste,Ricca,72,criccar9@cyberchimps.com,Philippines,8702,Safety Technician II,Kaymbo,blue
983,Mirelle,Rew,85,mrewra@rakuten.co.jp,Cyprus,,Occupational Therapist,Fliptune,red
984,Cristina,Plante,74,cplanterb@bigcartel.com,Indonesia,,Accountant III,Avamm,blue
985,Rodrick,McCurt,40,rmccurtrc@ed.gov,Serbia,,Programmer Analyst IV,Buzzbean,blue
986,Kermie,Christauffour,59,kchristauffourrd@admin.ch,China,,Geologist II,Skiptube,blue
987,Tasha,Ketts,50,tkettsre@tumblr.com,Poland,62-850,Tax Accountant,Gabtune,blue
988,Norrie,Tott,79,ntottrf@4shared.com,Brazil,29560-000,Human Resources Assistant III,Twitterbeat,red
989,Katleen,Vile,70,kvilerg@mit.edu,Ukraine,,Internal Auditor,Voonyx,blue
990,Brnaba,Strutz,27,bstrutzrh@tiny.cc,Cuba,,Quality Engineer,Realcube,red
991,Donal,Merit,61,dmeritri@vimeo.com,Finland,25501,Information Systems Manager,Wikizz,green
992,Haslett,Pray,51,hprayrj@scribd.com,Republic of the Congo,,Research Associate,Zoonoodle,green
993,Eda,Shakelady,18,eshakeladyrk@java.com,Japan,999-8242,Senior Financial Analyst,Avaveo,red
994,Scarface,Basillon,65,sbasillonrl@economist.com,Indonesia,,Help Desk Operator,Meembee,green
995,Vivyanne,Kinker,26,vkinkerrm@cnbc.com,Brazil,78940-000,Internal Auditor,Edgetag,blue
996,Berthe,Slott,60,bslottrn@columbia.edu,Brazil,29930-000,Recruiting Manager,Cogibox,red
997,Lou,Rodolphe,45,lrodolphero@biblegateway.com,China,,Paralegal,Oyonder,blue
998,Lindsey,Evreux,54,levreuxrp@youku.com,Czech Republic,463 46,Analog Circuit Design manager,Skidoo,green
999,Adamo,Imms,30,aimmsrq@dagondesign.com,Indonesia,,Account Executive,Thoughtworks,red
1000,Audi,McIlhone,37,amcilhonerr@ning.com,Brazil,25600-000,Account Executive,Minyx,blue